#2026 03 31 15:41:44.475#Z#INFO#1ed22708-2d18-11f1-af94-eeee0a833986.OPERATION#http-nio-0.0.0.0-8080-exec-6#
[XS2StartProcessListener] Operation ID: 1ed22708-2d18-11f1-af94-eeee0a833986#
#2026 03 31 15:41:44.509#Z#DEBUG#1ed22708-2d18-11f1-af94-eeee0a833986.OPERATION#http-nio-0.0.0.0-8080-exec-6#
[XS2StartProcessListener] Process environment: {
  "SKIP_SSL_VALIDATION" : "false",
  "FLOWABLE_JOB_EXECUTOR_MAX_THREADS" : "32",
  "VERSION" : "2.42.0",
  "BASIC_AUTH_ENABLED" : "true",
  "FLOWABLE_JOB_EXECUTOR_QUEUE_CAPACITY" : "16",
  "FLOWABLE_JOB_EXECUTOR_CORE_THREADS" : "8"
}#
#2026 03 31 15:41:44.509#Z#DEBUG#1ed22708-2d18-11f1-af94-eeee0a833986.OPERATION#http-nio-0.0.0.0-8080-exec-6#
[XS2StartProcessListener] Current user: jcesarip@gmail.com#
#2026 03 31 15:41:44.509#Z#DEBUG#1ed22708-2d18-11f1-af94-eeee0a833986.OPERATION#http-nio-0.0.0.0-8080-exec-6#
[XS2StartProcessListener] Client space: dev#
#2026 03 31 15:41:44.509#Z#DEBUG#1ed22708-2d18-11f1-af94-eeee0a833986.OPERATION#http-nio-0.0.0.0-8080-exec-6#
[XS2StartProcessListener] Client organization: 821f3512trial#
#2026 03 31 15:41:44.509#Z#INFO#1ed22708-2d18-11f1-af94-eeee0a833986.OPERATION#http-nio-0.0.0.0-8080-exec-6#
[XS2StartProcessListener] Process variables: {
  "keepFiles" : false,
  "skipAppDigestCalculation" : false,
  "abortOnError" : false,
  "mtaId" : "bookshop",
  "noFailOnMissingPermissions" : false,
  "isSecurityEnabled" : false,
  "apiRequestPath" : "https://deploy-service.cf.us10-001.hana.ondemand.com/api/v1/spaces/dde0ff71-25ef-43e9-98a4-025614d66c41/operations",
  "deleteServiceBrokers" : false,
  "appArchiveId" : "57b32dab-0e2e-40ac-a565-87132768f4f0",
  "isDisposableUserProvidedServiceEnabled" : false,
  "deleteServiceKeys" : false,
  "noRestartSubscribedApps" : false,
  "noStart" : false,
  "deleteServices" : false
}#
#2026 03 31 15:41:44.560#Z#DEBUG#1ed22708-2d18-11f1-af94-eeee0a833986.OPERATION#flowable-async-job-executor-thread-12305#
[ValidateDeployParametersStep] Executing task "validateParametersTask" of process "1ed2272e-2d18-11f1-af94-eeee0a833986"...#
#2026 03 31 15:41:44.560#Z#DEBUG#1ed22708-2d18-11f1-af94-eeee0a833986.OPERATION#flowable-async-job-executor-thread-12305#
[ValidateDeployParametersStep] Validating parameters...#
#2026 03 31 15:41:44.562#Z#INFO#1ed22708-2d18-11f1-af94-eeee0a833986.OPERATION#flowable-async-job-executor-thread-12305#
[ValidateDeployParametersStep] Size of mtars is 40,346,016 and size of extension descriptors is 0#
#2026 03 31 15:41:44.616#Z#INFO#1ed22708-2d18-11f1-af94-eeee0a833986.OPERATION#flowable-async-job-executor-thread-12305#
[ValidateDeployParametersStep] Archive was not split! Total size in bytes: 40,346,016#
#2026 03 31 15:41:44.616#Z#INFO#1ed22708-2d18-11f1-af94-eeee0a833986.OPERATION#flowable-async-job-executor-thread-12305#
[ValidateDeployParametersStep] Deploying in org "821f3512trial" and space "dev"#
#2026 03 31 15:41:44.621#Z#DEBUG#1ed22708-2d18-11f1-af94-eeee0a833986.OPERATION#flowable-async-job-executor-thread-12305#
[ValidateDeployParametersStep] Parameters validated#
#2026 03 31 15:41:44.621#Z#DEBUG#1ed22708-2d18-11f1-af94-eeee0a833986.OPERATION#flowable-async-job-executor-thread-12305#
Step "Validate Parameters" finished#
#2026 03 31 15:41:44.649#Z#DEBUG#1ed22708-2d18-11f1-af94-eeee0a833986.OPERATION#flowable-async-job-executor-thread-12306#
[DeleteRemainingFileParts] Executing task "deleteRemainingFileParts" of process "1ed2272e-2d18-11f1-af94-eeee0a833986"...#
#2026 03 31 15:41:44.649#Z#DEBUG#1ed22708-2d18-11f1-af94-eeee0a833986.OPERATION#flowable-async-job-executor-thread-12306#
Step "Delete Remaining File Parts" finished#
#2026 03 31 15:41:44.673#Z#DEBUG#1ed22708-2d18-11f1-af94-eeee0a833986.OPERATION#flowable-async-job-executor-thread-12307#
[XS2ProcessMtaArchiveStep] Executing task "processArchiveTask" of process "1ed2272e-2d18-11f1-af94-eeee0a833986"...#
#2026 03 31 15:41:44.674#Z#DEBUG#1ed22708-2d18-11f1-af94-eeee0a833986.OPERATION#flowable-async-job-executor-thread-12307#
[XS2ProcessMtaArchiveStep] Processing MTA archive...#
#2026 03 31 15:41:44.674#Z#DEBUG#1ed22708-2d18-11f1-af94-eeee0a833986.OPERATION#flowable-async-job-executor-thread-12307#
[XS2ProcessMtaArchiveStep] MTA Archive ID: 57b32dab-0e2e-40ac-a565-87132768f4f0#
#2026 03 31 15:41:45.148#Z#DEBUG#1ed22708-2d18-11f1-af94-eeee0a833986.OPERATION#flowable-async-job-executor-thread-12307#
[XS2ProcessMtaArchiveStep] MTA Descriptor length: 3,236#
#2026 03 31 15:41:45.148#Z#DEBUG#1ed22708-2d18-11f1-af94-eeee0a833986.OPERATION#flowable-async-job-executor-thread-12307#
[XS2ProcessMtaArchiveStep] MTA Archive Modules: [bookshop-app-deployer, bookshop-db-deployer, bookshop-srv]#
#2026 03 31 15:41:45.148#Z#DEBUG#1ed22708-2d18-11f1-af94-eeee0a833986.OPERATION#flowable-async-job-executor-thread-12307#
[XS2ProcessMtaArchiveStep] MTA Archive Requires: []#
#2026 03 31 15:41:45.148#Z#DEBUG#1ed22708-2d18-11f1-af94-eeee0a833986.OPERATION#flowable-async-job-executor-thread-12307#
[XS2ProcessMtaArchiveStep] MTA Archive Resources: [bookshop-auth]#
#2026 03 31 15:41:45.157#Z#DEBUG#1ed22708-2d18-11f1-af94-eeee0a833986.OPERATION#flowable-async-job-executor-thread-12307#
[XS2ProcessMtaArchiveStep] MTA archive processed#
#2026 03 31 15:41:45.157#Z#DEBUG#1ed22708-2d18-11f1-af94-eeee0a833986.OPERATION#flowable-async-job-executor-thread-12307#
Step "Process Archive" finished#
#2026 03 31 15:41:45.196#Z#DEBUG#1ed22708-2d18-11f1-af94-eeee0a833986.OPERATION#flowable-async-job-executor-thread-12308#
[ProcessMtaExtensionDescriptorsStep] Executing task "processExtensionDescriptorsTask" of process "1ed2272e-2d18-11f1-af94-eeee0a833986"...#
#2026 03 31 15:41:45.197#Z#DEBUG#1ed22708-2d18-11f1-af94-eeee0a833986.OPERATION#flowable-async-job-executor-thread-12308#
[ProcessMtaExtensionDescriptorsStep] Processing MTA extension descriptors...#
#2026 03 31 15:41:45.198#Z#DEBUG#1ed22708-2d18-11f1-af94-eeee0a833986.OPERATION#flowable-async-job-executor-thread-12308#
[ProcessMtaExtensionDescriptorsStep] Provided extension descriptors: [ ]#
#2026 03 31 15:41:45.198#Z#DEBUG#1ed22708-2d18-11f1-af94-eeee0a833986.OPERATION#flowable-async-job-executor-thread-12308#
[ProcessMtaExtensionDescriptorsStep] No extension descriptors in use#
#2026 03 31 15:41:45.198#Z#DEBUG#1ed22708-2d18-11f1-af94-eeee0a833986.OPERATION#flowable-async-job-executor-thread-12308#
[ProcessMtaExtensionDescriptorsStep] MTA extension descriptors processed#
#2026 03 31 15:41:45.198#Z#DEBUG#1ed22708-2d18-11f1-af94-eeee0a833986.OPERATION#flowable-async-job-executor-thread-12308#
Step "Process Extension Descriptors" finished#
#2026 03 31 15:41:45.231#Z#DEBUG#1ed22708-2d18-11f1-af94-eeee0a833986.OPERATION#flowable-async-job-executor-thread-12309#
[XS2DetectMtaSchemaVersionStep] Executing task "detectSchemaVersionTask" of process "1ed2272e-2d18-11f1-af94-eeee0a833986"...#
#2026 03 31 15:41:45.232#Z#DEBUG#1ed22708-2d18-11f1-af94-eeee0a833986.OPERATION#flowable-async-job-executor-thread-12309#
[XS2DetectMtaSchemaVersionStep] Detecting MTA major schema version...#
#2026 03 31 15:41:45.234#Z#INFO#1ed22708-2d18-11f1-af94-eeee0a833986.OPERATION#flowable-async-job-executor-thread-12309#
[XS2DetectMtaSchemaVersionStep] Detected MTA schema version: "3"#
#2026 03 31 15:41:45.238#Z#DEBUG#1ed22708-2d18-11f1-af94-eeee0a833986.OPERATION#flowable-async-job-executor-thread-12309#
Step "Detect Schema Version" finished#
#2026 03 31 15:41:45.270#Z#DEBUG#1ed22708-2d18-11f1-af94-eeee0a833986.OPERATION#flowable-async-job-executor-thread-12310#
[MergeDescriptorsStep] Executing task "mergeDescriptorsTask" of process "1ed2272e-2d18-11f1-af94-eeee0a833986"...#
#2026 03 31 15:41:45.272#Z#DEBUG#1ed22708-2d18-11f1-af94-eeee0a833986.OPERATION#flowable-async-job-executor-thread-12310#
[MergeDescriptorsStep] Validating and merging descriptors...#
#2026 03 31 15:41:45.275#Z#DEBUG#1ed22708-2d18-11f1-af94-eeee0a833986.OPERATION#flowable-async-job-executor-thread-12310#
[MergeDescriptorsStep] Merged deployment descriptor: {
  "majorSchemaVersion" : 3,
  "schemaVersion" : "3.3.0",
  "id" : "bookshop",
  "version" : "1.0.0",
  "modules" : [ {
    "majorSchemaVersion" : 3,
    "name" : "bookshop-srv",
    "type" : "javascript.nodejs",
    "path" : "bookshop-srv",
    "properties" : { },
    "parameters" : {
      "buildpack" : "nodejs_buildpack",
      "instances" : 1
    },
    "requiredDependencies" : [ {
      "majorSchemaVersion" : 3,
      "name" : "********",
      "properties" : { },
      "parameters" : { },
      "propertiesMetadata" : {
        "metadata" : { }
      },
      "parametersMetadata" : {
        "metadata" : { }
      }
    }, {
      "majorSchemaVersion" : 3,
      "name" : "bookshop-db",
      "properties" : { },
      "parameters" : { },
      "propertiesMetadata" : {
        "metadata" : { }
      },
      "parametersMetadata" : {
        "metadata" : { }
      }
    }, {
      "majorSchemaVersion" : 3,
      "name" : "bookshop-destination",
      "properties" : { },
      "parameters" : { },
      "propertiesMetadata" : {
        "metadata" : { }
      },
      "parametersMetadata" : {
        "metadata" : { }
      }
    } ],
    "providedDependencies" : [ {
      "majorSchemaVersion" : 3,
      "name" : "srv-api",
      "isPublic" : false,
      "properties" : {
        "srv-url" : "${default-url}"
      },
      "parameters" : { },
      "propertiesMetadata" : {
        "metadata" : { }
      },
      "parametersMetadata" : {
        "metadata" : { }
      }
    }, {
      "majorSchemaVersion" : 3,
      "name" : "bookshop-srv",
      "isPublic" : false,
      "properties" : { },
      "parameters" : { },
      "propertiesMetadata" : {
        "metadata" : { }
      },
      "parametersMetadata" : {
        "metadata" : { }
      }
    } ],
    "propertiesMetadata" : {
      "metadata" : { }
    },
    "parametersMetadata" : {
      "metadata" : { }
    },
    "hooks" : [ ]
  }, {
    "majorSchemaVersion" : 3,
    "name" : "bookshop-db-deployer",
    "type" : "com.sap.xs.hdi",
    "path" : "bookshop-db-deployer",
    "properties" : {
      "EXIT" : 1
    },
    "parameters" : {
      "memory" : "256M",
      "no-route" : true,
      "dependency-type" : "hard",
      "buildpack" : "nodejs_buildpack",
      "tasks" : [ {
        "name" : "deploy",
        "memory" : "256M",
        "command" : "npm start"
      } ],
      "no-start" : true
    },
    "requiredDependencies" : [ {
      "majorSchemaVersion" : 3,
      "name" : "bookshop-db",
      "properties" : { },
      "parameters" : { },
      "propertiesMetadata" : {
        "metadata" : { }
      },
      "parametersMetadata" : {
        "metadata" : { }
      }
    } ],
    "providedDependencies" : [ {
      "majorSchemaVersion" : 3,
      "name" : "bookshop-db-deployer",
      "isPublic" : false,
      "properties" : { },
      "parameters" : { },
      "propertiesMetadata" : {
        "metadata" : { }
      },
      "parametersMetadata" : {
        "metadata" : { }
      }
    } ],
    "propertiesMetadata" : {
      "metadata" : { }
    },
    "parametersMetadata" : {
      "metadata" : { }
    },
    "hooks" : [ ]
  }, {
    "majorSchemaVersion" : 3,
    "name" : "bookshop-app-deployer",
    "type" : "com.sap.application.content",
    "path" : "bookshop-app-deployer",
    "properties" : { },
    "parameters" : { },
    "requiredDependencies" : [ {
      "majorSchemaVersion" : 3,
      "name" : "********",
      "properties" : { },
      "parameters" : { },
      "propertiesMetadata" : {
        "metadata" : { }
      },
      "parametersMetadata" : {
        "metadata" : { }
      }
    }, {
      "majorSchemaVersion" : 3,
      "name" : "srv-api",
      "properties" : { },
      "parameters" : { },
      "propertiesMetadata" : {
        "metadata" : { }
      },
      "parametersMetadata" : {
        "metadata" : { }
      }
    }, {
      "majorSchemaVersion" : 3,
      "name" : "bookshop-html5-repo-host",
      "properties" : { },
      "parameters" : {
        "config" : {
          "HTML5Runtime_enabled" : true
        },
        "content-target" : true
      },
      "propertiesMetadata" : {
        "metadata" : { }
      },
      "parametersMetadata" : {
        "metadata" : { }
      }
    } ],
    "providedDependencies" : [ {
      "majorSchemaVersion" : 3,
      "name" : "bookshop-app-deployer",
      "isPublic" : false,
      "properties" : { },
      "parameters" : { },
      "propertiesMetadata" : {
        "metadata" : { }
      },
      "parametersMetadata" : {
        "metadata" : { }
      }
    } ],
    "propertiesMetadata" : {
      "metadata" : { }
    },
    "parametersMetadata" : {
      "metadata" : { }
    },
    "hooks" : [ ]
  }, {
    "majorSchemaVersion" : 3,
    "name" : "bookshop-destinations",
    "type" : "com.sap.application.content",
    "properties" : { },
    "parameters" : {
      "content" : {
        "instance" : {
          "destinations" : [ {
            "Name" : "bookshop-html5-repository",
            "ServiceInstanceName" : "bookshop-html5-repo-host",
            "ServiceKeyName" : "********",
            "sap.cloud.service" : "bookshop.service"
          }, {
            "Authentication" : "********",
            "Name" : "********",
            "ServiceInstanceName" : "********",
            "ServiceKeyName" : "********",
            "sap.cloud.service" : "bookshop.service"
          } ],
          "existing_destinations_policy" : "update"
        }
      }
    },
    "requiredDependencies" : [ {
      "majorSchemaVersion" : 3,
      "name" : "********",
      "properties" : { },
      "parameters" : {
        "service-key" : "********"
      },
      "propertiesMetadata" : {
        "metadata" : { }
      },
      "parametersMetadata" : {
        "metadata" : { }
      }
    }, {
      "majorSchemaVersion" : 3,
      "name" : "bookshop-html5-repo-host",
      "properties" : { },
      "parameters" : {
        "service-key" : "********"
      },
      "propertiesMetadata" : {
        "metadata" : { }
      },
      "parametersMetadata" : {
        "metadata" : { }
      }
    }, {
      "majorSchemaVersion" : 3,
      "name" : "srv-api",
      "properties" : { },
      "parameters" : { },
      "propertiesMetadata" : {
        "metadata" : { }
      },
      "parametersMetadata" : {
        "metadata" : { }
      }
    }, {
      "majorSchemaVersion" : 3,
      "name" : "bookshop-destination",
      "properties" : { },
      "parameters" : {
        "content-target" : true
      },
      "propertiesMetadata" : {
        "metadata" : { }
      },
      "parametersMetadata" : {
        "metadata" : { }
      }
    } ],
    "providedDependencies" : [ {
      "majorSchemaVersion" : 3,
      "name" : "bookshop-destinations",
      "isPublic" : false,
      "properties" : { },
      "parameters" : { },
      "propertiesMetadata" : {
        "metadata" : { }
      },
      "parametersMetadata" : {
        "metadata" : { }
      }
    } ],
    "propertiesMetadata" : {
      "metadata" : { }
    },
    "parametersMetadata" : {
      "metadata" : { }
    },
    "hooks" : [ ]
  } ],
  "resources" : [ {
    "majorSchemaVersion" : 3,
    "name" : "********",
    "type" : "org.cloudfoundry.managed-service",
    "properties" : { },
    "parameters" : {
      "path" : "./xs-security.json",
      "service-plan" : "application",
      "type" : "managed-service",
      "config" : {
        "oauth2-configuration" : "********",
        "role-collections" : [ {
          "description" : "generated",
          "name" : "admin (bookshop ${org}-${space})",
          "role-template-references" : [ "$XSAPPNAME.admin" ]
        } ],
        "tenant-mode" : "dedicated",
        "xsappname" : "bookshop-${org}-${space}"
      },
      "service" : "xsuaa"
    },
    "isActive" : true,
    "isOptional" : false,
    "propertiesMetadata" : {
      "metadata" : { }
    },
    "parametersMetadata" : {
      "metadata" : { }
    },
    "requiredDependencies" : [ ],
    "processedAfter" : [ ]
  }, {
    "majorSchemaVersion" : 3,
    "name" : "bookshop-db",
    "type" : "com.sap.xs.hdi-container",
    "properties" : { },
    "parameters" : {
      "service-plan" : "hdi-shared",
      "type" : "managed-service",
      "service" : "hana"
    },
    "isActive" : true,
    "isOptional" : false,
    "propertiesMetadata" : {
      "metadata" : { }
    },
    "parametersMetadata" : {
      "metadata" : { }
    },
    "requiredDependencies" : [ ],
    "processedAfter" : [ ]
  }, {
    "majorSchemaVersion" : 3,
    "name" : "bookshop-destination",
    "type" : "org.cloudfoundry.managed-service",
    "properties" : { },
    "parameters" : {
      "service-plan" : "lite",
      "type" : "managed-service",
      "config" : {
        "HTML5Runtime_enabled" : true,
        "init_data" : {
          "instance" : {
            "destinations" : [ {
              "Authentication" : "********",
              "HTML5.DynamicDestination" : true,
              "HTML5.ForwardAuthToken" : "********",
              "Name" : "srv-api",
              "ProxyType" : "Internet",
              "Type" : "HTTP",
              "URL" : "~{srv-api/srv-url}"
            } ],
            "existing_destinations_policy" : "update"
          }
        }
      },
      "service" : "destination"
    },
    "isActive" : true,
    "isOptional" : false,
    "propertiesMetadata" : {
      "metadata" : { }
    },
    "parametersMetadata" : {
      "metadata" : { }
    },
    "requiredDependencies" : [ {
      "majorSchemaVersion" : 3,
      "name" : "srv-api",
      "properties" : { },
      "parameters" : { },
      "propertiesMetadata" : {
        "metadata" : { }
      },
      "parametersMetadata" : {
        "metadata" : { }
      }
    } ],
    "processedAfter" : [ ]
  }, {
    "majorSchemaVersion" : 3,
    "name" : "bookshop-html5-repo-host",
    "type" : "org.cloudfoundry.managed-service",
    "properties" : { },
    "parameters" : {
      "service-plan" : "app-host",
      "type" : "managed-service",
      "service" : "html5-apps-repo"
    },
    "isActive" : true,
    "isOptional" : false,
    "propertiesMetadata" : {
      "metadata" : { }
    },
    "parametersMetadata" : {
      "metadata" : { }
    },
    "requiredDependencies" : [ ],
    "processedAfter" : [ ]
  } ],
  "parameters" : {
    "enable-parallel-deployments" : true,
    "deploy_mode" : "html5-repo"
  },
  "parametersMetadata" : {
    "metadata" : { }
  }
}#
#2026 03 31 15:41:45.277#Z#DEBUG#1ed22708-2d18-11f1-af94-eeee0a833986.OPERATION#flowable-async-job-executor-thread-12310#
[MergeDescriptorsStep] Descriptors validated and merged#
#2026 03 31 15:41:45.277#Z#DEBUG#1ed22708-2d18-11f1-af94-eeee0a833986.OPERATION#flowable-async-job-executor-thread-12310#
Step "Merge Descriptors" finished#
#2026 03 31 15:41:45.312#Z#DEBUG#1ed22708-2d18-11f1-af94-eeee0a833986.OPERATION#flowable-async-job-executor-thread-12303#
[DetectDeployedMtaStep] Executing task "detectDeployedMtaTask" of process "1ed2272e-2d18-11f1-af94-eeee0a833986"...#
#2026 03 31 15:41:45.313#Z#DEBUG#1ed22708-2d18-11f1-af94-eeee0a833986.OPERATION#flowable-async-job-executor-thread-12303#
[DetectDeployedMtaStep] Detecting deployed MTA...#
#2026 03 31 15:41:45.377#Z#DEBUG#1ed22708-2d18-11f1-af94-eeee0a833986.OPERATION#flowable-async-job-executor-thread-12303#
[DetectDeployedMtaStep] Detecting MTA by id bookshop and namespace null#
#2026 03 31 15:41:45.377#Z#DEBUG#1ed22708-2d18-11f1-af94-eeee0a833986.OPERATION#flowable-async-job-executor-thread-12303#
[DetectDeployedMtaStep] Getting applications by metadata label selector "mta_id=2a4a0bf95d32e1e3699eb55927334851,!mta_namespace"...#
#2026 03 31 15:41:45.436#Z#DEBUG#1ed22708-2d18-11f1-af94-eeee0a833986.OPERATION#flowable-async-job-executor-thread-12303#
[DetectDeployedMtaStep] Getting service instances by metadata label selector "mta_id=2a4a0bf95d32e1e3699eb55927334851,!mta_namespace"...#
#2026 03 31 15:41:45.552#Z#INFO#1ed22708-2d18-11f1-af94-eeee0a833986.OPERATION#flowable-async-job-executor-thread-12303#
[DetectDeployedMtaStep] No deployed MTA detected - this is initial deployment of MTA with ID "bookshop"#
#2026 03 31 15:41:45.557#Z#DEBUG#1ed22708-2d18-11f1-af94-eeee0a833986.OPERATION#flowable-async-job-executor-thread-12303#
[DetectDeployedMtaStep] Detecting backup mta by id "bookshop" and namespace "null"#
#2026 03 31 15:41:45.557#Z#DEBUG#1ed22708-2d18-11f1-af94-eeee0a833986.OPERATION#flowable-async-job-executor-thread-12303#
[DetectDeployedMtaStep] Getting applications by metadata label selector "mta_id=2a4a0bf95d32e1e3699eb55927334851,mta_namespace=b698114a0995e936895b9598a6c19a2c"...#
#2026 03 31 15:41:45.599#Z#DEBUG#1ed22708-2d18-11f1-af94-eeee0a833986.OPERATION#flowable-async-job-executor-thread-12303#
[DetectDeployedMtaStep] Getting service instances by metadata label selector "mta_id=2a4a0bf95d32e1e3699eb55927334851,mta_namespace=b698114a0995e936895b9598a6c19a2c"...#
#2026 03 31 15:41:45.633#Z#DEBUG#1ed22708-2d18-11f1-af94-eeee0a833986.OPERATION#flowable-async-job-executor-thread-12303#
[DetectDeployedMtaStep] Deployed MTA service keys: [ ]#
#2026 03 31 15:41:45.633#Z#DEBUG#1ed22708-2d18-11f1-af94-eeee0a833986.OPERATION#flowable-async-job-executor-thread-12303#
Step "Detect Deployed MTA" finished#
#2026 03 31 15:41:45.666#Z#DEBUG#1ed22708-2d18-11f1-af94-eeee0a833986.OPERATION#flowable-async-job-executor-thread-12303#
[XS2CollectSystemParametersStep] Executing task "collectSystemParametersTask" of process "1ed2272e-2d18-11f1-af94-eeee0a833986"...#
#2026 03 31 15:41:45.667#Z#DEBUG#1ed22708-2d18-11f1-af94-eeee0a833986.OPERATION#flowable-async-job-executor-thread-12303#
[XS2CollectSystemParametersStep] Collecting system parameters...#
#2026 03 31 15:41:45.668#Z#DEBUG#1ed22708-2d18-11f1-af94-eeee0a833986.OPERATION#flowable-async-job-executor-thread-12303#
[XS2CollectSystemParametersStep] Getting default domain...#
#2026 03 31 15:41:45.700#Z#DEBUG#1ed22708-2d18-11f1-af94-eeee0a833986.OPERATION#flowable-async-job-executor-thread-12303#
[XS2CollectSystemParametersStep] Default domain: cfapps.us10-001.hana.ondemand.com#
#2026 03 31 15:41:45.702#Z#DEBUG#1ed22708-2d18-11f1-af94-eeee0a833986.OPERATION#flowable-async-job-executor-thread-12303#
[XS2CollectSystemParametersStep] Checking for overwriting read-only parameters for mta with id: "bookshop"#
#2026 03 31 15:41:45.702#Z#DEBUG#1ed22708-2d18-11f1-af94-eeee0a833986.OPERATION#flowable-async-job-executor-thread-12303#
[XS2CollectSystemParametersStep] No read-only parameters are overwritten#
#2026 03 31 15:41:45.715#Z#DEBUG#1ed22708-2d18-11f1-af94-eeee0a833986.OPERATION#flowable-async-job-executor-thread-12303#
[XS2CollectSystemParametersStep] Descriptor with system parameters: {
  "majorSchemaVersion" : 3,
  "schemaVersion" : "3.3.0",
  "id" : "bookshop",
  "version" : "1.0.0",
  "modules" : [ {
    "majorSchemaVersion" : 3,
    "name" : "bookshop-srv",
    "type" : "javascript.nodejs",
    "path" : "bookshop-srv",
    "properties" : { },
    "parameters" : {
      "default-url" : "${protocol}://${default-uri}",
      "default-app-name" : "bookshop-srv",
      "generated-password" : "********",
      "default-live-url" : "${protocol}://${default-live-uri}",
      "default-uri" : "${host}.${domain}",
      "default-instances" : 1,
      "default-live-host" : "821f3512trial-dev-bookshop-srv",
      "instances" : 1,
      "buildpack" : "nodejs_buildpack",
      "default-host" : "821f3512trial-dev-bookshop-srv",
      "app-name" : "${default-app-name}",
      "default-live-uri" : "821f3512trial-dev-bookshop-srv.${domain}",
      "protocol" : "https",
      "default-live-app-name" : "bookshop-srv",
      "default-live-domain" : "cfapps.us10-001.hana.ondemand.com",
      "domain" : "${default-domain}",
      "host" : "${default-host}",
      "generated-user" : "********"
    },
    "requiredDependencies" : [ {
      "majorSchemaVersion" : 3,
      "name" : "********",
      "properties" : { },
      "parameters" : { },
      "propertiesMetadata" : {
        "metadata" : { }
      },
      "parametersMetadata" : {
        "metadata" : { }
      }
    }, {
      "majorSchemaVersion" : 3,
      "name" : "bookshop-db",
      "properties" : { },
      "parameters" : { },
      "propertiesMetadata" : {
        "metadata" : { }
      },
      "parametersMetadata" : {
        "metadata" : { }
      }
    }, {
      "majorSchemaVersion" : 3,
      "name" : "bookshop-destination",
      "properties" : { },
      "parameters" : { },
      "propertiesMetadata" : {
        "metadata" : { }
      },
      "parametersMetadata" : {
        "metadata" : { }
      }
    } ],
    "providedDependencies" : [ {
      "majorSchemaVersion" : 3,
      "name" : "srv-api",
      "isPublic" : false,
      "properties" : {
        "srv-url" : "${default-url}"
      },
      "parameters" : { },
      "propertiesMetadata" : {
        "metadata" : { }
      },
      "parametersMetadata" : {
        "metadata" : { }
      }
    }, {
      "majorSchemaVersion" : 3,
      "name" : "bookshop-srv",
      "isPublic" : false,
      "properties" : { },
      "parameters" : { },
      "propertiesMetadata" : {
        "metadata" : { }
      },
      "parametersMetadata" : {
        "metadata" : { }
      }
    } ],
    "propertiesMetadata" : {
      "metadata" : { }
    },
    "parametersMetadata" : {
      "metadata" : { }
    },
    "hooks" : [ ]
  }, {
    "majorSchemaVersion" : 3,
    "name" : "bookshop-db-deployer",
    "type" : "com.sap.xs.hdi",
    "path" : "bookshop-db-deployer",
    "properties" : {
      "EXIT" : 1
    },
    "parameters" : {
      "default-url" : "${protocol}://${default-uri}",
      "default-app-name" : "bookshop-db-deployer",
      "generated-password" : "********",
      "default-live-url" : "${protocol}://${default-live-uri}",
      "default-uri" : "${host}.${domain}",
      "memory" : "256M",
      "default-instances" : 1,
      "no-route" : true,
      "default-live-host" : "821f3512trial-dev-bookshop-db-deployer",
      "instances" : "${default-instances}",
      "buildpack" : "nodejs_buildpack",
      "default-host" : "821f3512trial-dev-bookshop-db-deployer",
      "app-name" : "${default-app-name}",
      "default-live-uri" : "821f3512trial-dev-bookshop-db-deployer.${domain}",
      "protocol" : "https",
      "default-live-app-name" : "bookshop-db-deployer",
      "default-live-domain" : "cfapps.us10-001.hana.ondemand.com",
      "dependency-type" : "hard",
      "domain" : "${default-domain}",
      "host" : "${default-host}",
      "generated-user" : "********",
      "tasks" : [ {
        "name" : "deploy",
        "memory" : "256M",
        "command" : "npm start"
      } ],
      "no-start" : true
    },
    "requiredDependencies" : [ {
      "majorSchemaVersion" : 3,
      "name" : "bookshop-db",
      "properties" : { },
      "parameters" : { },
      "propertiesMetadata" : {
        "metadata" : { }
      },
      "parametersMetadata" : {
        "metadata" : { }
      }
    } ],
    "providedDependencies" : [ {
      "majorSchemaVersion" : 3,
      "name" : "bookshop-db-deployer",
      "isPublic" : false,
      "properties" : { },
      "parameters" : { },
      "propertiesMetadata" : {
        "metadata" : { }
      },
      "parametersMetadata" : {
        "metadata" : { }
      }
    } ],
    "propertiesMetadata" : {
      "metadata" : { }
    },
    "parametersMetadata" : {
      "metadata" : { }
    },
    "hooks" : [ ]
  }, {
    "majorSchemaVersion" : 3,
    "name" : "bookshop-app-deployer",
    "type" : "com.sap.application.content",
    "path" : "bookshop-app-deployer",
    "properties" : { },
    "parameters" : {
      "default-url" : "${protocol}://${default-uri}",
      "default-app-name" : "bookshop-app-deployer",
      "generated-password" : "********",
      "default-live-url" : "${protocol}://${default-live-uri}",
      "default-uri" : "${host}.${domain}",
      "default-instances" : 1,
      "default-live-host" : "821f3512trial-dev-bookshop-app-deployer",
      "instances" : "${default-instances}",
      "default-host" : "821f3512trial-dev-bookshop-app-deployer",
      "app-name" : "${default-app-name}",
      "default-live-uri" : "821f3512trial-dev-bookshop-app-deployer.${domain}",
      "protocol" : "https",
      "default-live-app-name" : "bookshop-app-deployer",
      "default-live-domain" : "cfapps.us10-001.hana.ondemand.com",
      "domain" : "${default-domain}",
      "host" : "${default-host}",
      "generated-user" : "********"
    },
    "requiredDependencies" : [ {
      "majorSchemaVersion" : 3,
      "name" : "********",
      "properties" : { },
      "parameters" : { },
      "propertiesMetadata" : {
        "metadata" : { }
      },
      "parametersMetadata" : {
        "metadata" : { }
      }
    }, {
      "majorSchemaVersion" : 3,
      "name" : "srv-api",
      "properties" : { },
      "parameters" : { },
      "propertiesMetadata" : {
        "metadata" : { }
      },
      "parametersMetadata" : {
        "metadata" : { }
      }
    }, {
      "majorSchemaVersion" : 3,
      "name" : "bookshop-html5-repo-host",
      "properties" : { },
      "parameters" : {
        "config" : {
          "HTML5Runtime_enabled" : true
        },
        "content-target" : true
      },
      "propertiesMetadata" : {
        "metadata" : { }
      },
      "parametersMetadata" : {
        "metadata" : { }
      }
    } ],
    "providedDependencies" : [ {
      "majorSchemaVersion" : 3,
      "name" : "bookshop-app-deployer",
      "isPublic" : false,
      "properties" : { },
      "parameters" : { },
      "propertiesMetadata" : {
        "metadata" : { }
      },
      "parametersMetadata" : {
        "metadata" : { }
      }
    } ],
    "propertiesMetadata" : {
      "metadata" : { }
    },
    "parametersMetadata" : {
      "metadata" : { }
    },
    "hooks" : [ ]
  }, {
    "majorSchemaVersion" : 3,
    "name" : "bookshop-destinations",
    "type" : "com.sap.application.content",
    "properties" : { },
    "parameters" : {
      "default-url" : "${protocol}://${default-uri}",
      "default-app-name" : "bookshop-destinations",
      "generated-password" : "********",
      "default-live-url" : "${protocol}://${default-live-uri}",
      "default-uri" : "${host}.${domain}",
      "default-instances" : 1,
      "default-live-host" : "821f3512trial-dev-bookshop-destinations",
      "instances" : "${default-instances}",
      "default-host" : "821f3512trial-dev-bookshop-destinations",
      "content" : {
        "instance" : {
          "destinations" : [ {
            "Name" : "bookshop-html5-repository",
            "ServiceInstanceName" : "bookshop-html5-repo-host",
            "ServiceKeyName" : "********",
            "sap.cloud.service" : "bookshop.service"
          }, {
            "Authentication" : "********",
            "Name" : "********",
            "ServiceInstanceName" : "********",
            "ServiceKeyName" : "********",
            "sap.cloud.service" : "bookshop.service"
          } ],
          "existing_destinations_policy" : "update"
        }
      },
      "app-name" : "${default-app-name}",
      "default-live-uri" : "821f3512trial-dev-bookshop-destinations.${domain}",
      "protocol" : "https",
      "default-live-app-name" : "bookshop-destinations",
      "default-live-domain" : "cfapps.us10-001.hana.ondemand.com",
      "domain" : "${default-domain}",
      "host" : "${default-host}",
      "generated-user" : "********"
    },
    "requiredDependencies" : [ {
      "majorSchemaVersion" : 3,
      "name" : "********",
      "properties" : { },
      "parameters" : {
        "service-key" : "********"
      },
      "propertiesMetadata" : {
        "metadata" : { }
      },
      "parametersMetadata" : {
        "metadata" : { }
      }
    }, {
      "majorSchemaVersion" : 3,
      "name" : "bookshop-html5-repo-host",
      "properties" : { },
      "parameters" : {
        "service-key" : "********"
      },
      "propertiesMetadata" : {
        "metadata" : { }
      },
      "parametersMetadata" : {
        "metadata" : { }
      }
    }, {
      "majorSchemaVersion" : 3,
      "name" : "srv-api",
      "properties" : { },
      "parameters" : { },
      "propertiesMetadata" : {
        "metadata" : { }
      },
      "parametersMetadata" : {
        "metadata" : { }
      }
    }, {
      "majorSchemaVersion" : 3,
      "name" : "bookshop-destination",
      "properties" : { },
      "parameters" : {
        "content-target" : true
      },
      "propertiesMetadata" : {
        "metadata" : { }
      },
      "parametersMetadata" : {
        "metadata" : { }
      }
    } ],
    "providedDependencies" : [ {
      "majorSchemaVersion" : 3,
      "name" : "bookshop-destinations",
      "isPublic" : false,
      "properties" : { },
      "parameters" : { },
      "propertiesMetadata" : {
        "metadata" : { }
      },
      "parametersMetadata" : {
        "metadata" : { }
      }
    } ],
    "propertiesMetadata" : {
      "metadata" : { }
    },
    "parametersMetadata" : {
      "metadata" : { }
    },
    "hooks" : [ ]
  } ],
  "resources" : [ {
    "majorSchemaVersion" : 3,
    "name" : "********",
    "type" : "org.cloudfoundry.managed-service",
    "properties" : { },
    "parameters" : {
      "generated-password" : "********",
      "path" : "./xs-security.json",
      "service-name" : "${default-service-name}",
      "service-plan" : "application",
      "service" : "xsuaa",
      "generated-user" : "********",
      "default-xsappname" : "********",
      "type" : "managed-service",
      "config" : {
        "oauth2-configuration" : "********",
        "role-collections" : [ {
          "description" : "generated",
          "name" : "admin (bookshop ${org}-${space})",
          "role-template-references" : [ "$XSAPPNAME.admin" ]
        } ],
        "tenant-mode" : "dedicated",
        "xsappname" : "bookshop-${org}-${space}"
      },
      "default-service-name" : "********",
      "default-container-name" : "********"
    },
    "isActive" : true,
    "isOptional" : false,
    "propertiesMetadata" : {
      "metadata" : { }
    },
    "parametersMetadata" : {
      "metadata" : { }
    },
    "requiredDependencies" : [ ],
    "processedAfter" : [ ]
  }, {
    "majorSchemaVersion" : 3,
    "name" : "bookshop-db",
    "type" : "com.sap.xs.hdi-container",
    "properties" : { },
    "parameters" : {
      "generated-password" : "********",
      "service-name" : "${default-service-name}",
      "service-plan" : "hdi-shared",
      "service" : "hana",
      "generated-user" : "********",
      "default-xsappname" : "bookshop-db",
      "type" : "managed-service",
      "default-service-name" : "bookshop-db",
      "default-container-name" : "821F3512TRIAL_DEV_BOOKSHOP_DB"
    },
    "isActive" : true,
    "isOptional" : false,
    "propertiesMetadata" : {
      "metadata" : { }
    },
    "parametersMetadata" : {
      "metadata" : { }
    },
    "requiredDependencies" : [ ],
    "processedAfter" : [ ]
  }, {
    "majorSchemaVersion" : 3,
    "name" : "bookshop-destination",
    "type" : "org.cloudfoundry.managed-service",
    "properties" : { },
    "parameters" : {
      "generated-password" : "********",
      "service-name" : "${default-service-name}",
      "service-plan" : "lite",
      "service" : "destination",
      "generated-user" : "********",
      "default-xsappname" : "bookshop-destination",
      "type" : "managed-service",
      "config" : {
        "HTML5Runtime_enabled" : true,
        "init_data" : {
          "instance" : {
            "destinations" : [ {
              "Authentication" : "********",
              "HTML5.DynamicDestination" : true,
              "HTML5.ForwardAuthToken" : "********",
              "Name" : "srv-api",
              "ProxyType" : "Internet",
              "Type" : "HTTP",
              "URL" : "~{srv-api/srv-url}"
            } ],
            "existing_destinations_policy" : "update"
          }
        }
      },
      "default-service-name" : "bookshop-destination",
      "default-container-name" : "821F3512TRIAL_DEV_BOOKSHOP_DESTINATION"
    },
    "isActive" : true,
    "isOptional" : false,
    "propertiesMetadata" : {
      "metadata" : { }
    },
    "parametersMetadata" : {
      "metadata" : { }
    },
    "requiredDependencies" : [ {
      "majorSchemaVersion" : 3,
      "name" : "srv-api",
      "properties" : { },
      "parameters" : { },
      "propertiesMetadata" : {
        "metadata" : { }
      },
      "parametersMetadata" : {
        "metadata" : { }
      }
    } ],
    "processedAfter" : [ ]
  }, {
    "majorSchemaVersion" : 3,
    "name" : "bookshop-html5-repo-host",
    "type" : "org.cloudfoundry.managed-service",
    "properties" : { },
    "parameters" : {
      "generated-password" : "********",
      "service-name" : "${default-service-name}",
      "service-plan" : "app-host",
      "service" : "html5-apps-repo",
      "generated-user" : "********",
      "default-xsappname" : "bookshop-html5-repo-host",
      "type" : "managed-service",
      "default-service-name" : "bookshop-html5-repo-host",
      "default-container-name" : "821F3512TRIAL_DEV_BOOKSHOP_HTML5_REPO_HOST"
    },
    "isActive" : true,
    "isOptional" : false,
    "propertiesMetadata" : {
      "metadata" : { }
    },
    "parametersMetadata" : {
      "metadata" : { }
    },
    "requiredDependencies" : [ ],
    "processedAfter" : [ ]
  } ],
  "parameters" : {
    "deploy_mode" : "html5-repo",
    "mta-id" : "bookshop",
    "authorization-url" : "********",
    "org-guid" : "551af7f5-285c-406e-9bc9-4c4f3fc185dc",
    "org" : "821f3512trial",
    "deploy-target" : "821f3512trial dev",
    "enable-parallel-deployments" : true,
    "space" : "dev",
    "xs-api-url" : "https://api.cf.us10-001.hana.ondemand.com",
    "deploy-url" : "deploy-service.cfapps.us10-001.hana.ondemand.com",
    "xs-type" : "CF",
    "default-domain" : "cfapps.us10-001.hana.ondemand.com",
    "mta-version" : "1.0.0",
    "xs-auth-url" : "********",
    "space-guid" : "dde0ff71-25ef-43e9-98a4-025614d66c41",
    "user" : "********",
    "controller-url" : "https://api.cf.us10-001.hana.ondemand.com",
    "timestamp" : "20260331154144"
  },
  "parametersMetadata" : {
    "metadata" : { }
  }
}#
#2026 03 31 15:41:45.715#Z#DEBUG#1ed22708-2d18-11f1-af94-eeee0a833986.OPERATION#flowable-async-job-executor-thread-12303#
[XS2CollectSystemParametersStep] Version rule: SAME_HIGHER#
#2026 03 31 15:41:45.715#Z#INFO#1ed22708-2d18-11f1-af94-eeee0a833986.OPERATION#flowable-async-job-executor-thread-12303#
[XS2CollectSystemParametersStep] Detected new MTA version: "1.0.0"#
#2026 03 31 15:41:45.721#Z#DEBUG#1ed22708-2d18-11f1-af94-eeee0a833986.OPERATION#flowable-async-job-executor-thread-12303#
[XS2CollectSystemParametersStep] MTA accepted for deployment#
#2026 03 31 15:41:45.722#Z#DEBUG#1ed22708-2d18-11f1-af94-eeee0a833986.OPERATION#flowable-async-job-executor-thread-12303#
[XS2CollectSystemParametersStep] System parameters collected#
#2026 03 31 15:41:45.722#Z#DEBUG#1ed22708-2d18-11f1-af94-eeee0a833986.OPERATION#flowable-async-job-executor-thread-12303#
Step "Collect System Parameters" finished#
#2026 03 31 15:41:45.756#Z#DEBUG#1ed22708-2d18-11f1-af94-eeee0a833986.OPERATION#flowable-async-job-executor-thread-12306#
[ProcessDescriptorStep] Executing task "processDescriptorTask" of process "1ed2272e-2d18-11f1-af94-eeee0a833986"...#
#2026 03 31 15:41:45.756#Z#DEBUG#1ed22708-2d18-11f1-af94-eeee0a833986.OPERATION#flowable-async-job-executor-thread-12306#
[ProcessDescriptorStep] Resolving properties and parameters in merged descriptor...#
#2026 03 31 15:41:45.760#Z#DEBUG#1ed22708-2d18-11f1-af94-eeee0a833986.OPERATION#flowable-async-job-executor-thread-12306#
[ProcessDescriptorStep] Subscriptions: [ ]#
#2026 03 31 15:41:45.760#Z#DEBUG#1ed22708-2d18-11f1-af94-eeee0a833986.OPERATION#flowable-async-job-executor-thread-12306#
[ProcessDescriptorStep] MTA modules: [bookshop-app-deployer, bookshop-db-deployer, bookshop-destinations, bookshop-srv]#
#2026 03 31 15:41:45.761#Z#DEBUG#1ed22708-2d18-11f1-af94-eeee0a833986.OPERATION#flowable-async-job-executor-thread-12306#
[ProcessDescriptorStep] Resolved deployment descriptor: {
  "majorSchemaVersion" : 3,
  "schemaVersion" : "3.3.0",
  "id" : "bookshop",
  "version" : "1.0.0",
  "modules" : [ {
    "majorSchemaVersion" : 3,
    "name" : "bookshop-srv",
    "type" : "javascript.nodejs",
    "path" : "bookshop-srv",
    "properties" : { },
    "parameters" : {
      "default-url" : "https://821f3512trial-dev-bookshop-srv.cfapps.us10-001.hana.ondemand.com",
      "default-app-name" : "bookshop-srv",
      "generated-password" : "********",
      "default-live-url" : "https://821f3512trial-dev-bookshop-srv.cfapps.us10-001.hana.ondemand.com",
      "default-uri" : "821f3512trial-dev-bookshop-srv.cfapps.us10-001.hana.ondemand.com",
      "default-instances" : 1,
      "default-live-host" : "821f3512trial-dev-bookshop-srv",
      "instances" : 1,
      "buildpack" : "nodejs_buildpack",
      "default-host" : "821f3512trial-dev-bookshop-srv",
      "app-name" : "bookshop-srv",
      "default-live-uri" : "821f3512trial-dev-bookshop-srv.cfapps.us10-001.hana.ondemand.com",
      "protocol" : "https",
      "default-live-app-name" : "bookshop-srv",
      "default-live-domain" : "cfapps.us10-001.hana.ondemand.com",
      "domain" : "cfapps.us10-001.hana.ondemand.com",
      "host" : "821f3512trial-dev-bookshop-srv",
      "generated-user" : "********"
    },
    "requiredDependencies" : [ {
      "majorSchemaVersion" : 3,
      "name" : "********",
      "properties" : { },
      "parameters" : { },
      "propertiesMetadata" : {
        "metadata" : { }
      },
      "parametersMetadata" : {
        "metadata" : { }
      }
    }, {
      "majorSchemaVersion" : 3,
      "name" : "bookshop-db",
      "properties" : { },
      "parameters" : { },
      "propertiesMetadata" : {
        "metadata" : { }
      },
      "parametersMetadata" : {
        "metadata" : { }
      }
    }, {
      "majorSchemaVersion" : 3,
      "name" : "bookshop-destination",
      "properties" : { },
      "parameters" : { },
      "propertiesMetadata" : {
        "metadata" : { }
      },
      "parametersMetadata" : {
        "metadata" : { }
      }
    } ],
    "providedDependencies" : [ {
      "majorSchemaVersion" : 3,
      "name" : "srv-api",
      "isPublic" : false,
      "properties" : {
        "srv-url" : "https://821f3512trial-dev-bookshop-srv.cfapps.us10-001.hana.ondemand.com"
      },
      "parameters" : { },
      "propertiesMetadata" : {
        "metadata" : { }
      },
      "parametersMetadata" : {
        "metadata" : { }
      }
    }, {
      "majorSchemaVersion" : 3,
      "name" : "bookshop-srv",
      "isPublic" : false,
      "properties" : { },
      "parameters" : { },
      "propertiesMetadata" : {
        "metadata" : { }
      },
      "parametersMetadata" : {
        "metadata" : { }
      }
    } ],
    "propertiesMetadata" : {
      "metadata" : { }
    },
    "parametersMetadata" : {
      "metadata" : { }
    },
    "hooks" : [ ]
  }, {
    "majorSchemaVersion" : 3,
    "name" : "bookshop-db-deployer",
    "type" : "com.sap.xs.hdi",
    "path" : "bookshop-db-deployer",
    "properties" : {
      "EXIT" : 1
    },
    "parameters" : {
      "default-url" : "https://821f3512trial-dev-bookshop-db-deployer.cfapps.us10-001.hana.ondemand.com",
      "default-app-name" : "bookshop-db-deployer",
      "generated-password" : "********",
      "default-live-url" : "https://821f3512trial-dev-bookshop-db-deployer.cfapps.us10-001.hana.ondemand.com",
      "default-uri" : "821f3512trial-dev-bookshop-db-deployer.cfapps.us10-001.hana.ondemand.com",
      "memory" : "256M",
      "default-instances" : 1,
      "no-route" : true,
      "default-live-host" : "821f3512trial-dev-bookshop-db-deployer",
      "instances" : 1,
      "buildpack" : "nodejs_buildpack",
      "default-host" : "821f3512trial-dev-bookshop-db-deployer",
      "app-name" : "bookshop-db-deployer",
      "default-live-uri" : "821f3512trial-dev-bookshop-db-deployer.cfapps.us10-001.hana.ondemand.com",
      "protocol" : "https",
      "default-live-app-name" : "bookshop-db-deployer",
      "default-live-domain" : "cfapps.us10-001.hana.ondemand.com",
      "dependency-type" : "hard",
      "domain" : "cfapps.us10-001.hana.ondemand.com",
      "host" : "821f3512trial-dev-bookshop-db-deployer",
      "generated-user" : "********",
      "tasks" : [ {
        "command" : "npm start",
        "memory" : "256M",
        "name" : "deploy"
      } ],
      "no-start" : true
    },
    "requiredDependencies" : [ {
      "majorSchemaVersion" : 3,
      "name" : "bookshop-db",
      "properties" : { },
      "parameters" : { },
      "propertiesMetadata" : {
        "metadata" : { }
      },
      "parametersMetadata" : {
        "metadata" : { }
      }
    } ],
    "providedDependencies" : [ {
      "majorSchemaVersion" : 3,
      "name" : "bookshop-db-deployer",
      "isPublic" : false,
      "properties" : { },
      "parameters" : { },
      "propertiesMetadata" : {
        "metadata" : { }
      },
      "parametersMetadata" : {
        "metadata" : { }
      }
    } ],
    "propertiesMetadata" : {
      "metadata" : { }
    },
    "parametersMetadata" : {
      "metadata" : { }
    },
    "hooks" : [ ]
  }, {
    "majorSchemaVersion" : 3,
    "name" : "bookshop-app-deployer",
    "type" : "com.sap.application.content",
    "path" : "bookshop-app-deployer",
    "properties" : { },
    "parameters" : {
      "default-url" : "https://821f3512trial-dev-bookshop-app-deployer.cfapps.us10-001.hana.ondemand.com",
      "default-app-name" : "bookshop-app-deployer",
      "generated-password" : "********",
      "default-live-url" : "https://821f3512trial-dev-bookshop-app-deployer.cfapps.us10-001.hana.ondemand.com",
      "default-uri" : "821f3512trial-dev-bookshop-app-deployer.cfapps.us10-001.hana.ondemand.com",
      "default-instances" : 1,
      "default-live-host" : "821f3512trial-dev-bookshop-app-deployer",
      "instances" : 1,
      "default-host" : "821f3512trial-dev-bookshop-app-deployer",
      "app-name" : "bookshop-app-deployer",
      "default-live-uri" : "821f3512trial-dev-bookshop-app-deployer.cfapps.us10-001.hana.ondemand.com",
      "protocol" : "https",
      "default-live-app-name" : "bookshop-app-deployer",
      "default-live-domain" : "cfapps.us10-001.hana.ondemand.com",
      "domain" : "cfapps.us10-001.hana.ondemand.com",
      "host" : "821f3512trial-dev-bookshop-app-deployer",
      "generated-user" : "********"
    },
    "requiredDependencies" : [ {
      "majorSchemaVersion" : 3,
      "name" : "********",
      "properties" : { },
      "parameters" : { },
      "propertiesMetadata" : {
        "metadata" : { }
      },
      "parametersMetadata" : {
        "metadata" : { }
      }
    }, {
      "majorSchemaVersion" : 3,
      "name" : "srv-api",
      "properties" : { },
      "parameters" : { },
      "propertiesMetadata" : {
        "metadata" : { }
      },
      "parametersMetadata" : {
        "metadata" : { }
      }
    }, {
      "majorSchemaVersion" : 3,
      "name" : "bookshop-html5-repo-host",
      "properties" : { },
      "parameters" : {
        "config" : {
          "HTML5Runtime_enabled" : true
        },
        "content-target" : true
      },
      "propertiesMetadata" : {
        "metadata" : { }
      },
      "parametersMetadata" : {
        "metadata" : { }
      }
    } ],
    "providedDependencies" : [ {
      "majorSchemaVersion" : 3,
      "name" : "bookshop-app-deployer",
      "isPublic" : false,
      "properties" : { },
      "parameters" : { },
      "propertiesMetadata" : {
        "metadata" : { }
      },
      "parametersMetadata" : {
        "metadata" : { }
      }
    } ],
    "propertiesMetadata" : {
      "metadata" : { }
    },
    "parametersMetadata" : {
      "metadata" : { }
    },
    "hooks" : [ ]
  }, {
    "majorSchemaVersion" : 3,
    "name" : "bookshop-destinations",
    "type" : "com.sap.application.content",
    "properties" : { },
    "parameters" : {
      "default-url" : "https://821f3512trial-dev-bookshop-destinations.cfapps.us10-001.hana.ondemand.com",
      "default-app-name" : "bookshop-destinations",
      "generated-password" : "********",
      "default-live-url" : "https://821f3512trial-dev-bookshop-destinations.cfapps.us10-001.hana.ondemand.com",
      "default-uri" : "821f3512trial-dev-bookshop-destinations.cfapps.us10-001.hana.ondemand.com",
      "default-instances" : 1,
      "default-live-host" : "821f3512trial-dev-bookshop-destinations",
      "instances" : 1,
      "default-host" : "821f3512trial-dev-bookshop-destinations",
      "content" : {
        "instance" : {
          "destinations" : [ {
            "Name" : "bookshop-html5-repository",
            "ServiceInstanceName" : "bookshop-html5-repo-host",
            "ServiceKeyName" : "********",
            "sap.cloud.service" : "bookshop.service"
          }, {
            "Authentication" : "********",
            "Name" : "********",
            "ServiceInstanceName" : "********",
            "ServiceKeyName" : "********",
            "sap.cloud.service" : "bookshop.service"
          } ],
          "existing_destinations_policy" : "update"
        }
      },
      "app-name" : "bookshop-destinations",
      "default-live-uri" : "821f3512trial-dev-bookshop-destinations.cfapps.us10-001.hana.ondemand.com",
      "protocol" : "https",
      "default-live-app-name" : "bookshop-destinations",
      "default-live-domain" : "cfapps.us10-001.hana.ondemand.com",
      "domain" : "cfapps.us10-001.hana.ondemand.com",
      "host" : "821f3512trial-dev-bookshop-destinations",
      "generated-user" : "********"
    },
    "requiredDependencies" : [ {
      "majorSchemaVersion" : 3,
      "name" : "********",
      "properties" : { },
      "parameters" : {
        "service-key" : "********"
      },
      "propertiesMetadata" : {
        "metadata" : { }
      },
      "parametersMetadata" : {
        "metadata" : { }
      }
    }, {
      "majorSchemaVersion" : 3,
      "name" : "bookshop-html5-repo-host",
      "properties" : { },
      "parameters" : {
        "service-key" : "********"
      },
      "propertiesMetadata" : {
        "metadata" : { }
      },
      "parametersMetadata" : {
        "metadata" : { }
      }
    }, {
      "majorSchemaVersion" : 3,
      "name" : "srv-api",
      "properties" : { },
      "parameters" : { },
      "propertiesMetadata" : {
        "metadata" : { }
      },
      "parametersMetadata" : {
        "metadata" : { }
      }
    }, {
      "majorSchemaVersion" : 3,
      "name" : "bookshop-destination",
      "properties" : { },
      "parameters" : {
        "content-target" : true
      },
      "propertiesMetadata" : {
        "metadata" : { }
      },
      "parametersMetadata" : {
        "metadata" : { }
      }
    } ],
    "providedDependencies" : [ {
      "majorSchemaVersion" : 3,
      "name" : "bookshop-destinations",
      "isPublic" : false,
      "properties" : { },
      "parameters" : { },
      "propertiesMetadata" : {
        "metadata" : { }
      },
      "parametersMetadata" : {
        "metadata" : { }
      }
    } ],
    "propertiesMetadata" : {
      "metadata" : { }
    },
    "parametersMetadata" : {
      "metadata" : { }
    },
    "hooks" : [ ]
  } ],
  "resources" : [ {
    "majorSchemaVersion" : 3,
    "name" : "********",
    "type" : "org.cloudfoundry.managed-service",
    "properties" : { },
    "parameters" : {
      "generated-password" : "********",
      "path" : "./xs-security.json",
      "service-name" : "********",
      "service-plan" : "application",
      "service" : "xsuaa",
      "generated-user" : "********",
      "default-xsappname" : "********",
      "type" : "managed-service",
      "config" : {
        "oauth2-configuration" : "********",
        "role-collections" : [ {
          "description" : "generated",
          "name" : "admin (bookshop 821f3512trial-dev)",
          "role-template-references" : [ "$XSAPPNAME.admin" ]
        } ],
        "tenant-mode" : "dedicated",
        "xsappname" : "bookshop-821f3512trial-dev"
      },
      "default-service-name" : "********",
      "default-container-name" : "********"
    },
    "isActive" : true,
    "isOptional" : false,
    "propertiesMetadata" : {
      "metadata" : { }
    },
    "parametersMetadata" : {
      "metadata" : { }
    },
    "requiredDependencies" : [ ],
    "processedAfter" : [ ]
  }, {
    "majorSchemaVersion" : 3,
    "name" : "bookshop-db",
    "type" : "com.sap.xs.hdi-container",
    "properties" : { },
    "parameters" : {
      "generated-password" : "********",
      "service-name" : "bookshop-db",
      "service-plan" : "hdi-shared",
      "service" : "hana",
      "generated-user" : "********",
      "default-xsappname" : "bookshop-db",
      "type" : "managed-service",
      "default-service-name" : "bookshop-db",
      "default-container-name" : "821F3512TRIAL_DEV_BOOKSHOP_DB"
    },
    "isActive" : true,
    "isOptional" : false,
    "propertiesMetadata" : {
      "metadata" : { }
    },
    "parametersMetadata" : {
      "metadata" : { }
    },
    "requiredDependencies" : [ ],
    "processedAfter" : [ ]
  }, {
    "majorSchemaVersion" : 3,
    "name" : "bookshop-destination",
    "type" : "org.cloudfoundry.managed-service",
    "properties" : { },
    "parameters" : {
      "generated-password" : "********",
      "service-name" : "bookshop-destination",
      "service-plan" : "lite",
      "service" : "destination",
      "generated-user" : "********",
      "default-xsappname" : "bookshop-destination",
      "type" : "managed-service",
      "config" : {
        "HTML5Runtime_enabled" : true,
        "init_data" : {
          "instance" : {
            "destinations" : [ {
              "Authentication" : "********",
              "HTML5.DynamicDestination" : true,
              "HTML5.ForwardAuthToken" : "********",
              "Name" : "srv-api",
              "ProxyType" : "Internet",
              "Type" : "HTTP",
              "URL" : "https://821f3512trial-dev-bookshop-srv.cfapps.us10-001.hana.ondemand.com"
            } ],
            "existing_destinations_policy" : "update"
          }
        }
      },
      "default-service-name" : "bookshop-destination",
      "default-container-name" : "821F3512TRIAL_DEV_BOOKSHOP_DESTINATION"
    },
    "isActive" : true,
    "isOptional" : false,
    "propertiesMetadata" : {
      "metadata" : { }
    },
    "parametersMetadata" : {
      "metadata" : { }
    },
    "requiredDependencies" : [ {
      "majorSchemaVersion" : 3,
      "name" : "srv-api",
      "properties" : { },
      "parameters" : { },
      "propertiesMetadata" : {
        "metadata" : { }
      },
      "parametersMetadata" : {
        "metadata" : { }
      }
    } ],
    "processedAfter" : [ ]
  }, {
    "majorSchemaVersion" : 3,
    "name" : "bookshop-html5-repo-host",
    "type" : "org.cloudfoundry.managed-service",
    "properties" : { },
    "parameters" : {
      "generated-password" : "********",
      "service-name" : "bookshop-html5-repo-host",
      "service-plan" : "app-host",
      "service" : "html5-apps-repo",
      "generated-user" : "********",
      "default-xsappname" : "bookshop-html5-repo-host",
      "type" : "managed-service",
      "default-service-name" : "bookshop-html5-repo-host",
      "default-container-name" : "821F3512TRIAL_DEV_BOOKSHOP_HTML5_REPO_HOST"
    },
    "isActive" : true,
    "isOptional" : false,
    "propertiesMetadata" : {
      "metadata" : { }
    },
    "parametersMetadata" : {
      "metadata" : { }
    },
    "requiredDependencies" : [ ],
    "processedAfter" : [ ]
  } ],
  "parameters" : {
    "deploy_mode" : "html5-repo",
    "mta-id" : "bookshop",
    "authorization-url" : "********",
    "org-guid" : "551af7f5-285c-406e-9bc9-4c4f3fc185dc",
    "org" : "821f3512trial",
    "deploy-target" : "821f3512trial dev",
    "enable-parallel-deployments" : true,
    "region-primary-domain" : "us10.hana.ondemand.com",
    "space" : "dev",
    "region-domain" : "us10-001.hana.ondemand.com",
    "xs-api-url" : "https://api.cf.us10-001.hana.ondemand.com",
    "deploy-url" : "deploy-service.cfapps.us10-001.hana.ondemand.com",
    "xs-type" : "CF",
    "default-domain" : "cfapps.us10-001.hana.ondemand.com",
    "mta-version" : "1.0.0",
    "xs-auth-url" : "********",
    "space-guid" : "dde0ff71-25ef-43e9-98a4-025614d66c41",
    "user" : "********",
    "controller-url" : "https://api.cf.us10-001.hana.ondemand.com",
    "timestamp" : "20260331154144"
  },
  "parametersMetadata" : {
    "metadata" : { }
  }
}#
#2026 03 31 15:41:45.761#Z#DEBUG#1ed22708-2d18-11f1-af94-eeee0a833986.OPERATION#flowable-async-job-executor-thread-12306#
[ProcessDescriptorStep] Merged descriptor properties and parameters resolved#
#2026 03 31 15:41:45.761#Z#DEBUG#1ed22708-2d18-11f1-af94-eeee0a833986.OPERATION#flowable-async-job-executor-thread-12306#
Step "Process Descriptor Step" finished#
#2026 03 31 15:41:45.791#Z#DEBUG#1ed22708-2d18-11f1-af94-eeee0a833986.OPERATION#flowable-async-job-executor-thread-12306#
[XS2BuildCloudDeployModelStep] Executing task "buildDeployModelTask" of process "1ed2272e-2d18-11f1-af94-eeee0a833986"...#
#2026 03 31 15:41:45.794#Z#DEBUG#1ed22708-2d18-11f1-af94-eeee0a833986.OPERATION#flowable-async-job-executor-thread-12306#
[XS2BuildCloudDeployModelStep] Service keys defined for content deployment grouped by service name: {
  "bookshop-html5-repo-host" : [ {
    "name" : "********",
    "v3Metadata" : {
      "annotations" : {
        "mta_id" : "bookshop",
        "mta_version" : "1.0.0"
      },
      "labels" : {
        "mta_id" : "2a4a0bf95d32e1e3699eb55927334851",
        "space_guid" : "dde0ff71-25ef-43e9-98a4-025614d66c41"
      }
    },
    "credentials" : "********",
    "moduleName" : "bookshop-app-deployer",
    "resourceName" : "bookshop-html5-repo-host",
    "serviceInstance" : {
      "isOptional" : false,
      "isManaged" : false,
      "name" : "bookshop-html5-repo-host",
      "credentials" : "********",
      "tags" : [ ],
      "shouldSkipParametersUpdate" : false,
      "shouldSkipPlanUpdate" : false,
      "shouldSkipTagsUpdate" : false,
      "shouldSkipSyslogUrlUpdate" : false
    },
    "shouldDeleteServiceKeyAfterDeploy" : "********",
    "resourceType" : "org.cloudfoundry.managed-service"
  }, {
    "name" : "********",
    "v3Metadata" : {
      "annotations" : {
        "mta_id" : "bookshop",
        "mta_version" : "1.0.0"
      },
      "labels" : {
        "mta_id" : "2a4a0bf95d32e1e3699eb55927334851",
        "space_guid" : "dde0ff71-25ef-43e9-98a4-025614d66c41"
      }
    },
    "credentials" : "********",
    "moduleName" : "bookshop-destinations",
    "resourceName" : "bookshop-html5-repo-host",
    "serviceInstance" : {
      "isOptional" : false,
      "isManaged" : false,
      "name" : "bookshop-html5-repo-host",
      "credentials" : "********",
      "tags" : [ ],
      "shouldSkipParametersUpdate" : false,
      "shouldSkipPlanUpdate" : false,
      "shouldSkipTagsUpdate" : false,
      "shouldSkipSyslogUrlUpdate" : false
    },
    "shouldDeleteServiceKeyAfterDeploy" : "********",
    "resourceType" : "org.cloudfoundry.managed-service"
  } ],
  "bookshop-auth" : "********",
  "bookshop-destination" : [ {
    "name" : "********",
    "v3Metadata" : {
      "annotations" : {
        "mta_id" : "bookshop",
        "mta_version" : "1.0.0"
      },
      "labels" : {
        "mta_id" : "2a4a0bf95d32e1e3699eb55927334851",
        "space_guid" : "dde0ff71-25ef-43e9-98a4-025614d66c41"
      }
    },
    "credentials" : "********",
    "moduleName" : "bookshop-destinations",
    "resourceName" : "bookshop-destination",
    "serviceInstance" : {
      "isOptional" : false,
      "isManaged" : false,
      "name" : "bookshop-destination",
      "credentials" : "********",
      "tags" : [ ],
      "shouldSkipParametersUpdate" : false,
      "shouldSkipPlanUpdate" : false,
      "shouldSkipTagsUpdate" : false,
      "shouldSkipSyslogUrlUpdate" : false
    },
    "shouldDeleteServiceKeyAfterDeploy" : "********",
    "resourceType" : "org.cloudfoundry.managed-service"
  } ]
}#
#2026 03 31 15:41:45.794#Z#DEBUG#1ed22708-2d18-11f1-af94-eeee0a833986.OPERATION#flowable-async-job-executor-thread-12306#
[XS2BuildCloudDeployModelStep] Building cloud deployment model...#
#2026 03 31 15:41:45.796#Z#DEBUG#1ed22708-2d18-11f1-af94-eeee0a833986.OPERATION#flowable-async-job-executor-thread-12306#
[XS2BuildCloudDeployModelStep] MTA archive modules: [bookshop-app-deployer, bookshop-db-deployer, bookshop-srv]#
#2026 03 31 15:41:45.796#Z#DEBUG#1ed22708-2d18-11f1-af94-eeee0a833986.OPERATION#flowable-async-job-executor-thread-12306#
[XS2BuildCloudDeployModelStep] Deployed modules: []#
#2026 03 31 15:41:45.796#Z#DEBUG#1ed22708-2d18-11f1-af94-eeee0a833986.OPERATION#flowable-async-job-executor-thread-12306#
[XS2BuildCloudDeployModelStep] MTA modules: [bookshop-app-deployer, bookshop-db-deployer, bookshop-destinations, bookshop-srv]#
#2026 03 31 15:41:45.797#Z#DEBUG#1ed22708-2d18-11f1-af94-eeee0a833986.OPERATION#flowable-async-job-executor-thread-12306#
[XS2BuildCloudDeployModelStep] Service keys to create: {
  "bookshop-html5-repo-host" : [ ],
  "bookshop-auth" : "********",
  "bookshop-destination" : [ ],
  "bookshop-db" : [ ]
}#
#2026 03 31 15:41:45.798#Z#DEBUG#1ed22708-2d18-11f1-af94-eeee0a833986.OPERATION#flowable-async-job-executor-thread-12306#
[XS2BuildCloudDeployModelStep] Modules to deploy: [{
  "majorSchemaVersion" : 3,
  "name" : "bookshop-srv",
  "type" : "javascript.nodejs",
  "path" : "bookshop-srv",
  "properties" : { },
  "parameters" : {
    "default-url" : "https://821f3512trial-dev-bookshop-srv.cfapps.us10-001.hana.ondemand.com",
    "default-app-name" : "bookshop-srv",
    "generated-password" : "********",
    "default-live-url" : "https://821f3512trial-dev-bookshop-srv.cfapps.us10-001.hana.ondemand.com",
    "default-uri" : "821f3512trial-dev-bookshop-srv.cfapps.us10-001.hana.ondemand.com",
    "default-instances" : 1,
    "default-live-host" : "821f3512trial-dev-bookshop-srv",
    "instances" : 1,
    "buildpack" : "nodejs_buildpack",
    "default-host" : "821f3512trial-dev-bookshop-srv",
    "app-name" : "bookshop-srv",
    "default-live-uri" : "821f3512trial-dev-bookshop-srv.cfapps.us10-001.hana.ondemand.com",
    "protocol" : "https",
    "default-live-app-name" : "bookshop-srv",
    "default-live-domain" : "cfapps.us10-001.hana.ondemand.com",
    "dependency-type" : "soft",
    "domain" : "cfapps.us10-001.hana.ondemand.com",
    "host" : "821f3512trial-dev-bookshop-srv",
    "generated-user" : "********"
  },
  "requiredDependencies" : [ {
    "majorSchemaVersion" : 3,
    "name" : "********",
    "properties" : { },
    "parameters" : { },
    "propertiesMetadata" : {
      "metadata" : { }
    },
    "parametersMetadata" : {
      "metadata" : { }
    }
  }, {
    "majorSchemaVersion" : 3,
    "name" : "bookshop-db",
    "properties" : { },
    "parameters" : { },
    "propertiesMetadata" : {
      "metadata" : { }
    },
    "parametersMetadata" : {
      "metadata" : { }
    }
  }, {
    "majorSchemaVersion" : 3,
    "name" : "bookshop-destination",
    "properties" : { },
    "parameters" : { },
    "propertiesMetadata" : {
      "metadata" : { }
    },
    "parametersMetadata" : {
      "metadata" : { }
    }
  } ],
  "providedDependencies" : [ {
    "majorSchemaVersion" : 3,
    "name" : "srv-api",
    "isPublic" : false,
    "properties" : {
      "srv-url" : "https://821f3512trial-dev-bookshop-srv.cfapps.us10-001.hana.ondemand.com"
    },
    "parameters" : { },
    "propertiesMetadata" : {
      "metadata" : { }
    },
    "parametersMetadata" : {
      "metadata" : { }
    }
  }, {
    "majorSchemaVersion" : 3,
    "name" : "bookshop-srv",
    "isPublic" : false,
    "properties" : { },
    "parameters" : { },
    "propertiesMetadata" : {
      "metadata" : { }
    },
    "parametersMetadata" : {
      "metadata" : { }
    }
  } ],
  "propertiesMetadata" : {
    "metadata" : { }
  },
  "parametersMetadata" : {
    "metadata" : { }
  },
  "deployedAfter" : [ ],
  "hooks" : [ ]
}, {
  "majorSchemaVersion" : 3,
  "name" : "bookshop-db-deployer",
  "type" : "com.sap.xs.hdi",
  "path" : "bookshop-db-deployer",
  "properties" : {
    "EXIT" : 1
  },
  "parameters" : {
    "default-url" : "https://821f3512trial-dev-bookshop-db-deployer.cfapps.us10-001.hana.ondemand.com",
    "default-app-name" : "bookshop-db-deployer",
    "generated-password" : "********",
    "default-live-url" : "https://821f3512trial-dev-bookshop-db-deployer.cfapps.us10-001.hana.ondemand.com",
    "default-uri" : "821f3512trial-dev-bookshop-db-deployer.cfapps.us10-001.hana.ondemand.com",
    "memory" : "256M",
    "default-instances" : 1,
    "no-route" : true,
    "default-live-host" : "821f3512trial-dev-bookshop-db-deployer",
    "instances" : 1,
    "buildpack" : "nodejs_buildpack",
    "default-host" : "821f3512trial-dev-bookshop-db-deployer",
    "app-name" : "bookshop-db-deployer",
    "default-live-uri" : "821f3512trial-dev-bookshop-db-deployer.cfapps.us10-001.hana.ondemand.com",
    "protocol" : "https",
    "default-live-app-name" : "bookshop-db-deployer",
    "default-live-domain" : "cfapps.us10-001.hana.ondemand.com",
    "dependency-type" : "hard",
    "domain" : "cfapps.us10-001.hana.ondemand.com",
    "host" : "821f3512trial-dev-bookshop-db-deployer",
    "generated-user" : "********",
    "tasks" : [ {
      "command" : "npm start",
      "memory" : "256M",
      "name" : "deploy"
    } ],
    "no-start" : true
  },
  "requiredDependencies" : [ {
    "majorSchemaVersion" : 3,
    "name" : "bookshop-db",
    "properties" : { },
    "parameters" : { },
    "propertiesMetadata" : {
      "metadata" : { }
    },
    "parametersMetadata" : {
      "metadata" : { }
    }
  } ],
  "providedDependencies" : [ {
    "majorSchemaVersion" : 3,
    "name" : "bookshop-db-deployer",
    "isPublic" : false,
    "properties" : { },
    "parameters" : { },
    "propertiesMetadata" : {
      "metadata" : { }
    },
    "parametersMetadata" : {
      "metadata" : { }
    }
  } ],
  "propertiesMetadata" : {
    "metadata" : { }
  },
  "parametersMetadata" : {
    "metadata" : { }
  },
  "deployedAfter" : [ ],
  "hooks" : [ ]
}, {
  "majorSchemaVersion" : 3,
  "name" : "bookshop-app-deployer",
  "type" : "com.sap.application.content",
  "path" : "bookshop-app-deployer",
  "properties" : { },
  "parameters" : {
    "default-url" : "https://821f3512trial-dev-bookshop-app-deployer.cfapps.us10-001.hana.ondemand.com",
    "default-app-name" : "bookshop-app-deployer",
    "generated-password" : "********",
    "default-live-url" : "https://821f3512trial-dev-bookshop-app-deployer.cfapps.us10-001.hana.ondemand.com",
    "default-uri" : "821f3512trial-dev-bookshop-app-deployer.cfapps.us10-001.hana.ondemand.com",
    "default-instances" : 1,
    "default-live-host" : "821f3512trial-dev-bookshop-app-deployer",
    "instances" : 1,
    "default-host" : "821f3512trial-dev-bookshop-app-deployer",
    "app-name" : "bookshop-app-deployer",
    "default-live-uri" : "821f3512trial-dev-bookshop-app-deployer.cfapps.us10-001.hana.ondemand.com",
    "protocol" : "https",
    "default-live-app-name" : "bookshop-app-deployer",
    "default-live-domain" : "cfapps.us10-001.hana.ondemand.com",
    "dependency-type" : "soft",
    "domain" : "cfapps.us10-001.hana.ondemand.com",
    "host" : "821f3512trial-dev-bookshop-app-deployer",
    "generated-user" : "********"
  },
  "requiredDependencies" : [ {
    "majorSchemaVersion" : 3,
    "name" : "********",
    "properties" : { },
    "parameters" : { },
    "propertiesMetadata" : {
      "metadata" : { }
    },
    "parametersMetadata" : {
      "metadata" : { }
    }
  }, {
    "majorSchemaVersion" : 3,
    "name" : "srv-api",
    "properties" : { },
    "parameters" : { },
    "propertiesMetadata" : {
      "metadata" : { }
    },
    "parametersMetadata" : {
      "metadata" : { }
    }
  }, {
    "majorSchemaVersion" : 3,
    "name" : "bookshop-html5-repo-host",
    "properties" : { },
    "parameters" : {
      "config" : {
        "HTML5Runtime_enabled" : true
      },
      "content-target" : true
    },
    "propertiesMetadata" : {
      "metadata" : { }
    },
    "parametersMetadata" : {
      "metadata" : { }
    }
  } ],
  "providedDependencies" : [ {
    "majorSchemaVersion" : 3,
    "name" : "bookshop-app-deployer",
    "isPublic" : false,
    "properties" : { },
    "parameters" : { },
    "propertiesMetadata" : {
      "metadata" : { }
    },
    "parametersMetadata" : {
      "metadata" : { }
    }
  } ],
  "propertiesMetadata" : {
    "metadata" : { }
  },
  "parametersMetadata" : {
    "metadata" : { }
  },
  "deployedAfter" : [ ],
  "hooks" : [ ]
}, {
  "majorSchemaVersion" : 3,
  "name" : "bookshop-destinations",
  "type" : "com.sap.application.content",
  "properties" : { },
  "parameters" : {
    "default-url" : "https://821f3512trial-dev-bookshop-destinations.cfapps.us10-001.hana.ondemand.com",
    "default-app-name" : "bookshop-destinations",
    "generated-password" : "********",
    "default-live-url" : "https://821f3512trial-dev-bookshop-destinations.cfapps.us10-001.hana.ondemand.com",
    "default-uri" : "821f3512trial-dev-bookshop-destinations.cfapps.us10-001.hana.ondemand.com",
    "default-instances" : 1,
    "default-live-host" : "821f3512trial-dev-bookshop-destinations",
    "instances" : 1,
    "default-host" : "821f3512trial-dev-bookshop-destinations",
    "content" : {
      "instance" : {
        "destinations" : [ {
          "Name" : "bookshop-html5-repository",
          "ServiceInstanceName" : "bookshop-html5-repo-host",
          "ServiceKeyName" : "********",
          "sap.cloud.service" : "bookshop.service"
        }, {
          "Authentication" : "********",
          "Name" : "********",
          "ServiceInstanceName" : "********",
          "ServiceKeyName" : "********",
          "sap.cloud.service" : "bookshop.service"
        } ],
        "existing_destinations_policy" : "update"
      }
    },
    "app-name" : "bookshop-destinations",
    "default-live-uri" : "821f3512trial-dev-bookshop-destinations.cfapps.us10-001.hana.ondemand.com",
    "protocol" : "https",
    "default-live-app-name" : "bookshop-destinations",
    "default-live-domain" : "cfapps.us10-001.hana.ondemand.com",
    "dependency-type" : "soft",
    "domain" : "cfapps.us10-001.hana.ondemand.com",
    "host" : "821f3512trial-dev-bookshop-destinations",
    "generated-user" : "********"
  },
  "requiredDependencies" : [ {
    "majorSchemaVersion" : 3,
    "name" : "********",
    "properties" : { },
    "parameters" : {
      "service-key" : "********"
    },
    "propertiesMetadata" : {
      "metadata" : { }
    },
    "parametersMetadata" : {
      "metadata" : { }
    }
  }, {
    "majorSchemaVersion" : 3,
    "name" : "bookshop-html5-repo-host",
    "properties" : { },
    "parameters" : {
      "service-key" : "********"
    },
    "propertiesMetadata" : {
      "metadata" : { }
    },
    "parametersMetadata" : {
      "metadata" : { }
    }
  }, {
    "majorSchemaVersion" : 3,
    "name" : "srv-api",
    "properties" : { },
    "parameters" : { },
    "propertiesMetadata" : {
      "metadata" : { }
    },
    "parametersMetadata" : {
      "metadata" : { }
    }
  }, {
    "majorSchemaVersion" : 3,
    "name" : "bookshop-destination",
    "properties" : { },
    "parameters" : {
      "content-target" : true
    },
    "propertiesMetadata" : {
      "metadata" : { }
    },
    "parametersMetadata" : {
      "metadata" : { }
    }
  } ],
  "providedDependencies" : [ {
    "majorSchemaVersion" : 3,
    "name" : "bookshop-destinations",
    "isPublic" : false,
    "properties" : { },
    "parameters" : { },
    "propertiesMetadata" : {
      "metadata" : { }
    },
    "parametersMetadata" : {
      "metadata" : { }
    }
  } ],
  "propertiesMetadata" : {
    "metadata" : { }
  },
  "parametersMetadata" : {
    "metadata" : { }
  },
  "deployedAfter" : [ ],
  "hooks" : [ ]
}]#
#2026 03 31 15:41:45.798#Z#DEBUG#1ed22708-2d18-11f1-af94-eeee0a833986.OPERATION#flowable-async-job-executor-thread-12306#
[XS2BuildCloudDeployModelStep] Custom domains: []#
#2026 03 31 15:41:45.801#Z#DEBUG#1ed22708-2d18-11f1-af94-eeee0a833986.OPERATION#flowable-async-job-executor-thread-12306#
[XS2BuildCloudDeployModelStep] Calculating resource batches...#
#2026 03 31 15:41:45.802#Z#DEBUG#1ed22708-2d18-11f1-af94-eeee0a833986.OPERATION#flowable-async-job-executor-thread-12306#
[XS2BuildCloudDeployModelStep] Calculating resource batches completed.#
#2026 03 31 15:41:45.802#Z#DEBUG#1ed22708-2d18-11f1-af94-eeee0a833986.OPERATION#flowable-async-job-executor-thread-12306#
[XS2BuildCloudDeployModelStep] Cloud deployment model built#
#2026 03 31 15:41:45.802#Z#DEBUG#1ed22708-2d18-11f1-af94-eeee0a833986.OPERATION#flowable-async-job-executor-thread-12306#
Step "Build Deploy Model" finished#
#2026 03 31 15:41:45.837#Z#DEBUG#1ed22708-2d18-11f1-af94-eeee0a833986.OPERATION#flowable-async-job-executor-thread-12307#
[BuildCloudUndeployModelStep] Executing task "buildUndeployModelTask" of process "1ed2272e-2d18-11f1-af94-eeee0a833986"...#
#2026 03 31 15:41:45.838#Z#DEBUG#1ed22708-2d18-11f1-af94-eeee0a833986.OPERATION#flowable-async-job-executor-thread-12307#
[BuildCloudUndeployModelStep] Building cloud undeployment model...#
#2026 03 31 15:41:45.839#Z#DEBUG#1ed22708-2d18-11f1-af94-eeee0a833986.OPERATION#flowable-async-job-executor-thread-12307#
[BuildCloudUndeployModelStep] Detecting service keys to delete.#
#2026 03 31 15:41:45.839#Z#DEBUG#1ed22708-2d18-11f1-af94-eeee0a833986.OPERATION#flowable-async-job-executor-thread-12307#
[BuildCloudUndeployModelStep] No deployed service keys detected!#
#2026 03 31 15:41:45.839#Z#DEBUG#1ed22708-2d18-11f1-af94-eeee0a833986.OPERATION#flowable-async-job-executor-thread-12307#
[BuildCloudUndeployModelStep] Detected service keys to delete "[]"#
#2026 03 31 15:41:45.841#Z#DEBUG#1ed22708-2d18-11f1-af94-eeee0a833986.OPERATION#flowable-async-job-executor-thread-12307#
Step "Build Undeploy Model" finished#
#2026 03 31 15:41:45.872#Z#DEBUG#1ed22708-2d18-11f1-af94-eeee0a833986.OPERATION#flowable-async-job-executor-thread-12308#
[AddDomainsStep] Executing task "addDomainsTask" of process "1ed2272e-2d18-11f1-af94-eeee0a833986"...#
#2026 03 31 15:41:45.874#Z#DEBUG#1ed22708-2d18-11f1-af94-eeee0a833986.OPERATION#flowable-async-job-executor-thread-12308#
[AddDomainsStep] Custom domains: []#
#2026 03 31 15:41:45.874#Z#DEBUG#1ed22708-2d18-11f1-af94-eeee0a833986.OPERATION#flowable-async-job-executor-thread-12308#
Step "Add Domains" finished#
#2026 03 31 15:41:45.998#Z#DEBUG#1ed22708-2d18-11f1-af94-eeee0a833986.OPERATION#flowable-async-job-executor-thread-12310#
[ExtractBatchedServicesWithResolvedDynamicParametersStep] Executing task "prepareModulesDeploymentTask" of process "1fb0523e-2d18-11f1-af94-eeee0a833986"...#
#2026 03 31 15:41:45.999#Z#DEBUG#1ed22708-2d18-11f1-af94-eeee0a833986.OPERATION#flowable-async-job-executor-thread-12310#
[ExtractBatchedServicesWithResolvedDynamicParametersStep] Extracting services and resolving dynamic parameters from batch#
#2026 03 31 15:41:46.000#Z#DEBUG#1ed22708-2d18-11f1-af94-eeee0a833986.OPERATION#flowable-async-job-executor-thread-12310#
[ExtractBatchedServicesWithResolvedDynamicParametersStep] Services to create: [ {
  "isOptional" : false,
  "isManaged" : true,
  "name" : "********",
  "v3Metadata" : {
    "annotations" : {
      "mta_id" : "bookshop",
      "mta_version" : "1.0.0",
      "mta_resource" : "********"
    },
    "labels" : {
      "mta_id" : "2a4a0bf95d32e1e3699eb55927334851"
    }
  },
  "label" : "xsuaa",
  "plan" : "application",
  "credentials" : "********",
  "tags" : [ ],
  "type" : "managed",
  "resourceName" : "********",
  "shouldSkipParametersUpdate" : false,
  "shouldSkipPlanUpdate" : false,
  "shouldSkipTagsUpdate" : false,
  "shouldSkipSyslogUrlUpdate" : false
}, {
  "isOptional" : false,
  "isManaged" : true,
  "name" : "bookshop-db",
  "v3Metadata" : {
    "annotations" : {
      "mta_id" : "bookshop",
      "mta_version" : "1.0.0",
      "mta_resource" : "{\"name\":\"bookshop-db\"}"
    },
    "labels" : {
      "mta_id" : "2a4a0bf95d32e1e3699eb55927334851"
    }
  },
  "label" : "hana",
  "plan" : "hdi-shared",
  "credentials" : "********",
  "tags" : [ ],
  "type" : "managed",
  "resourceName" : "bookshop-db",
  "shouldSkipParametersUpdate" : false,
  "shouldSkipPlanUpdate" : false,
  "shouldSkipTagsUpdate" : false,
  "shouldSkipSyslogUrlUpdate" : false
}, {
  "isOptional" : false,
  "isManaged" : true,
  "name" : "bookshop-destination",
  "v3Metadata" : {
    "annotations" : {
      "mta_id" : "bookshop",
      "mta_version" : "1.0.0",
      "mta_resource" : "{\"name\":\"bookshop-destination\"}"
    },
    "labels" : {
      "mta_id" : "2a4a0bf95d32e1e3699eb55927334851"
    }
  },
  "label" : "destination",
  "plan" : "lite",
  "credentials" : "********",
  "tags" : [ ],
  "type" : "managed",
  "resourceName" : "bookshop-destination",
  "shouldSkipParametersUpdate" : false,
  "shouldSkipPlanUpdate" : false,
  "shouldSkipTagsUpdate" : false,
  "shouldSkipSyslogUrlUpdate" : false
}, {
  "isOptional" : false,
  "isManaged" : true,
  "name" : "bookshop-html5-repo-host",
  "v3Metadata" : {
    "annotations" : {
      "mta_id" : "bookshop",
      "mta_version" : "1.0.0",
      "mta_resource" : "{\"name\":\"bookshop-html5-repo-host\"}"
    },
    "labels" : {
      "mta_id" : "2a4a0bf95d32e1e3699eb55927334851"
    }
  },
  "label" : "html5-apps-repo",
  "plan" : "app-host",
  "credentials" : "********",
  "tags" : [ ],
  "type" : "managed",
  "resourceName" : "bookshop-html5-repo-host",
  "shouldSkipParametersUpdate" : false,
  "shouldSkipPlanUpdate" : false,
  "shouldSkipTagsUpdate" : false,
  "shouldSkipSyslogUrlUpdate" : false
} ]#
#2026 03 31 15:41:46.002#Z#DEBUG#1ed22708-2d18-11f1-af94-eeee0a833986.OPERATION#flowable-async-job-executor-thread-12310#
Step "Extract Services with Resolved Dynamic parameters from batch" finished#
#2026 03 31 15:41:46.110#Z#DEBUG#1ed22708-2d18-11f1-af94-eeee0a833986.OPERATION#flowable-async-job-executor-thread-12307#
[CheckServiceOperationStateStep] Executing task "CheckServiceOperationStateTask" of process "1fc4c4e6-2d18-11f1-af94-eeee0a833986"...#
#2026 03 31 15:41:46.111#Z#DEBUG#1ed22708-2d18-11f1-af94-eeee0a833986.OPERATION#flowable-async-job-executor-thread-12307#
[CheckServiceOperationStateStep] Getting service instance "bookshop-auth"...#
#2026 03 31 15:41:46.141#Z#DEBUG#1ed22708-2d18-11f1-af94-eeee0a833986.OPERATION#flowable-async-job-executor-thread-12307#
Step "Check for service operations in Progress" finished#
#2026 03 31 15:41:46.177#Z#DEBUG#1ed22708-2d18-11f1-af94-eeee0a833986.OPERATION#flowable-async-job-executor-thread-12307#
[DetermineServiceCreateUpdateServiceActionsStep] Executing task "DetermineServiceCreateUpdateActionsTask" of process "1fc4c4e6-2d18-11f1-af94-eeee0a833986"...#
#2026 03 31 15:41:46.179#Z#INFO#1ed22708-2d18-11f1-af94-eeee0a833986.OPERATION#flowable-async-job-executor-thread-12307#
[DetermineServiceCreateUpdateServiceActionsStep] Processing service "bookshop-auth"...#
#2026 03 31 15:41:46.183#Z#DEBUG#1ed22708-2d18-11f1-af94-eeee0a833986.OPERATION#flowable-async-job-executor-thread-12307#
[DetermineServiceCreateUpdateServiceActionsStep] Getting service instance "bookshop-auth"...#
#2026 03 31 15:41:46.208#Z#INFO#1ed22708-2d18-11f1-af94-eeee0a833986.OPERATION#flowable-async-job-executor-thread-12307#
[DetermineServiceCreateUpdateServiceActionsStep] Setting service "bookshop-auth" parameters from "xs-security.json"#
#2026 03 31 15:41:46.250#Z#DEBUG#1ed22708-2d18-11f1-af94-eeee0a833986.OPERATION#flowable-async-job-executor-thread-12307#
[DetermineServiceCreateUpdateServiceActionsStep] Service should be created#
#2026 03 31 15:41:46.252#Z#DEBUG#1ed22708-2d18-11f1-af94-eeee0a833986.OPERATION#flowable-async-job-executor-thread-12307#
Step "Determine update actions" finished#
#2026 03 31 15:41:46.295#Z#DEBUG#1ed22708-2d18-11f1-af94-eeee0a833986.OPERATION#flowable-async-job-executor-thread-12309#
[CreateServiceStep] Executing task "CreateServiceTask" of process "1fc4c4e6-2d18-11f1-af94-eeee0a833986"...#
#2026 03 31 15:41:46.298#Z#INFO#1ed22708-2d18-11f1-af94-eeee0a833986.OPERATION#flowable-async-job-executor-thread-12309#
[CreateServiceStep] Creating service "bookshop-auth" from MTA resource "bookshop-auth"...#
#2026 03 31 15:41:46.303#Z#DEBUG#1ed22708-2d18-11f1-af94-eeee0a833986.OPERATION#flowable-async-job-executor-thread-12309#
[CreateServiceStep] Creating service instance: {
  "isOptional" : false,
  "isManaged" : true,
  "name" : "********",
  "v3Metadata" : {
    "annotations" : {
      "mta_id" : "bookshop",
      "mta_version" : "1.0.0",
      "mta_resource" : "********"
    },
    "labels" : {
      "mta_id" : "2a4a0bf95d32e1e3699eb55927334851"
    }
  },
  "label" : "xsuaa",
  "plan" : "application",
  "credentials" : "********",
  "tags" : [ ],
  "type" : "managed",
  "resourceName" : "********",
  "shouldSkipParametersUpdate" : false,
  "shouldSkipPlanUpdate" : false,
  "shouldSkipTagsUpdate" : false,
  "shouldSkipSyslogUrlUpdate" : false
}#
#2026 03 31 15:41:46.579#Z#DEBUG#1ed22708-2d18-11f1-af94-eeee0a833986.OPERATION#flowable-async-job-executor-thread-12309#
[CreateServiceStep] Service "bookshop-auth" created#
#2026 03 31 15:41:46.579#Z#DEBUG#1ed22708-2d18-11f1-af94-eeee0a833986.OPERATION#flowable-async-job-executor-thread-12309#
[CreateServiceStep] Triggered service operations: {
  "bookshop-auth" : "CREATE"
}#
#2026 03 31 15:41:46.581#Z#DEBUG#1ed22708-2d18-11f1-af94-eeee0a833986.OPERATION#flowable-async-job-executor-thread-12309#
Step "Create" finished#
#2026 03 31 15:41:48.410#Z#DEBUG#1ed22708-2d18-11f1-af94-eeee0a833986.OPERATION#flowable-async-job-executor-thread-17135#
[CheckServiceOperationStateStep] Executing task "CheckServiceOperationStateTask" of process "21258d59-2d18-11f1-b2b3-eeee0a9e5b0b"...#
#2026 03 31 15:41:48.477#Z#DEBUG#1ed22708-2d18-11f1-af94-eeee0a833986.OPERATION#flowable-async-job-executor-thread-17135#
[CheckServiceOperationStateStep] Getting service instance "bookshop-db"...#
#2026 03 31 15:41:48.530#Z#DEBUG#1ed22708-2d18-11f1-af94-eeee0a833986.OPERATION#flowable-async-job-executor-thread-17135#
Step "Check for service operations in Progress" finished#
#2026 03 31 15:41:48.552#Z#DEBUG#1ed22708-2d18-11f1-af94-eeee0a833986.OPERATION#flowable-async-job-executor-thread-17136#
[DetermineServiceCreateUpdateServiceActionsStep] Executing task "DetermineServiceCreateUpdateActionsTask" of process "21258d59-2d18-11f1-b2b3-eeee0a9e5b0b"...#
#2026 03 31 15:41:48.553#Z#INFO#1ed22708-2d18-11f1-af94-eeee0a833986.OPERATION#flowable-async-job-executor-thread-17136#
[DetermineServiceCreateUpdateServiceActionsStep] Processing service "bookshop-db"...#
#2026 03 31 15:41:48.557#Z#DEBUG#1ed22708-2d18-11f1-af94-eeee0a833986.OPERATION#flowable-async-job-executor-thread-17136#
[DetermineServiceCreateUpdateServiceActionsStep] Getting service instance "bookshop-db"...#
#2026 03 31 15:41:48.590#Z#DEBUG#1ed22708-2d18-11f1-af94-eeee0a833986.OPERATION#flowable-async-job-executor-thread-17136#
[DetermineServiceCreateUpdateServiceActionsStep] Service should be created#
#2026 03 31 15:41:48.591#Z#DEBUG#1ed22708-2d18-11f1-af94-eeee0a833986.OPERATION#flowable-async-job-executor-thread-17136#
Step "Determine update actions" finished#
#2026 03 31 15:41:48.563#Z#DEBUG#1ed22708-2d18-11f1-af94-eeee0a833986.OPERATION#flowable-async-job-executor-thread-12244#
[CheckServiceOperationStateStep] Executing task "CheckServiceOperationStateTask" of process "213b5f3c-2d18-11f1-8c51-eeee0a84f5cf"...#
#2026 03 31 15:41:48.624#Z#DEBUG#1ed22708-2d18-11f1-af94-eeee0a833986.OPERATION#flowable-async-job-executor-thread-12244#
[CheckServiceOperationStateStep] Getting service instance "bookshop-html5-repo-host"...#
#2026 03 31 15:41:48.668#Z#DEBUG#1ed22708-2d18-11f1-af94-eeee0a833986.OPERATION#flowable-async-job-executor-thread-12244#
Step "Check for service operations in Progress" finished#
#2026 03 31 15:41:48.696#Z#DEBUG#1ed22708-2d18-11f1-af94-eeee0a833986.OPERATION#flowable-async-job-executor-thread-12245#
[DetermineServiceCreateUpdateServiceActionsStep] Executing task "DetermineServiceCreateUpdateActionsTask" of process "213b5f3c-2d18-11f1-8c51-eeee0a84f5cf"...#
#2026 03 31 15:41:48.697#Z#INFO#1ed22708-2d18-11f1-af94-eeee0a833986.OPERATION#flowable-async-job-executor-thread-12245#
[DetermineServiceCreateUpdateServiceActionsStep] Processing service "bookshop-html5-repo-host"...#
#2026 03 31 15:41:48.702#Z#DEBUG#1ed22708-2d18-11f1-af94-eeee0a833986.OPERATION#flowable-async-job-executor-thread-12245#
[DetermineServiceCreateUpdateServiceActionsStep] Getting service instance "bookshop-html5-repo-host"...#
#2026 03 31 15:41:48.727#Z#DEBUG#1ed22708-2d18-11f1-af94-eeee0a833986.OPERATION#flowable-async-job-executor-thread-12245#
[DetermineServiceCreateUpdateServiceActionsStep] Service should be created#
#2026 03 31 15:41:48.729#Z#DEBUG#1ed22708-2d18-11f1-af94-eeee0a833986.OPERATION#flowable-async-job-executor-thread-12245#
Step "Determine update actions" finished#
#2026 03 31 15:41:48.620#Z#DEBUG#1ed22708-2d18-11f1-af94-eeee0a833986.OPERATION#flowable-async-job-executor-thread-17137#
[CreateServiceStep] Executing task "CreateServiceTask" of process "21258d59-2d18-11f1-b2b3-eeee0a9e5b0b"...#
#2026 03 31 15:41:48.622#Z#INFO#1ed22708-2d18-11f1-af94-eeee0a833986.OPERATION#flowable-async-job-executor-thread-17137#
[CreateServiceStep] Creating service "bookshop-db" from MTA resource "bookshop-db"...#
#2026 03 31 15:41:48.625#Z#DEBUG#1ed22708-2d18-11f1-af94-eeee0a833986.OPERATION#flowable-async-job-executor-thread-17137#
[CreateServiceStep] Creating service instance: {
  "isOptional" : false,
  "isManaged" : true,
  "name" : "bookshop-db",
  "v3Metadata" : {
    "annotations" : {
      "mta_id" : "bookshop",
      "mta_version" : "1.0.0",
      "mta_resource" : "{\"name\":\"bookshop-db\"}"
    },
    "labels" : {
      "mta_id" : "2a4a0bf95d32e1e3699eb55927334851"
    }
  },
  "label" : "hana",
  "plan" : "hdi-shared",
  "credentials" : "********",
  "tags" : [ ],
  "type" : "managed",
  "resourceName" : "bookshop-db",
  "shouldSkipParametersUpdate" : false,
  "shouldSkipPlanUpdate" : false,
  "shouldSkipTagsUpdate" : false,
  "shouldSkipSyslogUrlUpdate" : false
}#
#2026 03 31 15:41:48.865#Z#DEBUG#1ed22708-2d18-11f1-af94-eeee0a833986.OPERATION#flowable-async-job-executor-thread-17137#
[CreateServiceStep] Service "bookshop-db" created#
#2026 03 31 15:41:48.865#Z#DEBUG#1ed22708-2d18-11f1-af94-eeee0a833986.OPERATION#flowable-async-job-executor-thread-17137#
[CreateServiceStep] Triggered service operations: {
  "bookshop-db" : "CREATE"
}#
#2026 03 31 15:41:48.866#Z#DEBUG#1ed22708-2d18-11f1-af94-eeee0a833986.OPERATION#flowable-async-job-executor-thread-17137#
Step "Create" finished#
#2026 03 31 15:41:48.847#Z#DEBUG#1ed22708-2d18-11f1-af94-eeee0a833986.OPERATION#flowable-async-job-executor-thread-12306#
[CheckServiceOperationStateStep] Executing task "CheckServiceOperationStateTask" of process "2166db73-2d18-11f1-af94-eeee0a833986"...#
#2026 03 31 15:41:48.847#Z#DEBUG#1ed22708-2d18-11f1-af94-eeee0a833986.OPERATION#flowable-async-job-executor-thread-12306#
[CheckServiceOperationStateStep] Getting service instance "bookshop-destination"...#
#2026 03 31 15:41:48.877#Z#DEBUG#1ed22708-2d18-11f1-af94-eeee0a833986.OPERATION#flowable-async-job-executor-thread-12306#
Step "Check for service operations in Progress" finished#
#2026 03 31 15:41:48.902#Z#DEBUG#1ed22708-2d18-11f1-af94-eeee0a833986.OPERATION#flowable-async-job-executor-thread-12306#
[DetermineServiceCreateUpdateServiceActionsStep] Executing task "DetermineServiceCreateUpdateActionsTask" of process "2166db73-2d18-11f1-af94-eeee0a833986"...#
#2026 03 31 15:41:48.904#Z#INFO#1ed22708-2d18-11f1-af94-eeee0a833986.OPERATION#flowable-async-job-executor-thread-12306#
[DetermineServiceCreateUpdateServiceActionsStep] Processing service "bookshop-destination"...#
#2026 03 31 15:41:48.908#Z#DEBUG#1ed22708-2d18-11f1-af94-eeee0a833986.OPERATION#flowable-async-job-executor-thread-12306#
[DetermineServiceCreateUpdateServiceActionsStep] Getting service instance "bookshop-destination"...#
#2026 03 31 15:41:48.939#Z#DEBUG#1ed22708-2d18-11f1-af94-eeee0a833986.OPERATION#flowable-async-job-executor-thread-12306#
[DetermineServiceCreateUpdateServiceActionsStep] Service should be created#
#2026 03 31 15:41:48.941#Z#DEBUG#1ed22708-2d18-11f1-af94-eeee0a833986.OPERATION#flowable-async-job-executor-thread-12306#
Step "Determine update actions" finished#
#2026 03 31 15:41:48.777#Z#DEBUG#1ed22708-2d18-11f1-af94-eeee0a833986.OPERATION#flowable-async-job-executor-thread-12246#
[CreateServiceStep] Executing task "CreateServiceTask" of process "213b5f3c-2d18-11f1-8c51-eeee0a84f5cf"...#
#2026 03 31 15:41:48.779#Z#INFO#1ed22708-2d18-11f1-af94-eeee0a833986.OPERATION#flowable-async-job-executor-thread-12246#
[CreateServiceStep] Creating service "bookshop-html5-repo-host" from MTA resource "bookshop-html5-repo-host"...#
#2026 03 31 15:41:48.783#Z#DEBUG#1ed22708-2d18-11f1-af94-eeee0a833986.OPERATION#flowable-async-job-executor-thread-12246#
[CreateServiceStep] Creating service instance: {
  "isOptional" : false,
  "isManaged" : true,
  "name" : "bookshop-html5-repo-host",
  "v3Metadata" : {
    "annotations" : {
      "mta_id" : "bookshop",
      "mta_version" : "1.0.0",
      "mta_resource" : "{\"name\":\"bookshop-html5-repo-host\"}"
    },
    "labels" : {
      "mta_id" : "2a4a0bf95d32e1e3699eb55927334851"
    }
  },
  "label" : "html5-apps-repo",
  "plan" : "app-host",
  "credentials" : "********",
  "tags" : [ ],
  "type" : "managed",
  "resourceName" : "bookshop-html5-repo-host",
  "shouldSkipParametersUpdate" : false,
  "shouldSkipPlanUpdate" : false,
  "shouldSkipTagsUpdate" : false,
  "shouldSkipSyslogUrlUpdate" : false
}#
#2026 03 31 15:41:49.020#Z#DEBUG#1ed22708-2d18-11f1-af94-eeee0a833986.OPERATION#flowable-async-job-executor-thread-12246#
[CreateServiceStep] Service "bookshop-html5-repo-host" created#
#2026 03 31 15:41:49.020#Z#DEBUG#1ed22708-2d18-11f1-af94-eeee0a833986.OPERATION#flowable-async-job-executor-thread-12246#
[CreateServiceStep] Triggered service operations: {
  "bookshop-html5-repo-host" : "CREATE"
}#
#2026 03 31 15:41:49.021#Z#DEBUG#1ed22708-2d18-11f1-af94-eeee0a833986.OPERATION#flowable-async-job-executor-thread-12246#
Step "Create" finished#
#2026 03 31 15:41:48.977#Z#DEBUG#1ed22708-2d18-11f1-af94-eeee0a833986.OPERATION#flowable-async-job-executor-thread-12306#
[CreateServiceStep] Executing task "CreateServiceTask" of process "2166db73-2d18-11f1-af94-eeee0a833986"...#
#2026 03 31 15:41:48.979#Z#INFO#1ed22708-2d18-11f1-af94-eeee0a833986.OPERATION#flowable-async-job-executor-thread-12306#
[CreateServiceStep] Creating service "bookshop-destination" from MTA resource "bookshop-destination"...#
#2026 03 31 15:41:48.983#Z#DEBUG#1ed22708-2d18-11f1-af94-eeee0a833986.OPERATION#flowable-async-job-executor-thread-12306#
[CreateServiceStep] Creating service instance: {
  "isOptional" : false,
  "isManaged" : true,
  "name" : "bookshop-destination",
  "v3Metadata" : {
    "annotations" : {
      "mta_id" : "bookshop",
      "mta_version" : "1.0.0",
      "mta_resource" : "{\"name\":\"bookshop-destination\"}"
    },
    "labels" : {
      "mta_id" : "2a4a0bf95d32e1e3699eb55927334851"
    }
  },
  "label" : "destination",
  "plan" : "lite",
  "credentials" : "********",
  "tags" : [ ],
  "type" : "managed",
  "resourceName" : "bookshop-destination",
  "shouldSkipParametersUpdate" : false,
  "shouldSkipPlanUpdate" : false,
  "shouldSkipTagsUpdate" : false,
  "shouldSkipSyslogUrlUpdate" : false
}#
#2026 03 31 15:41:49.168#Z#DEBUG#1ed22708-2d18-11f1-af94-eeee0a833986.OPERATION#flowable-async-job-executor-thread-12306#
[CreateServiceStep] Service "bookshop-destination" created#
#2026 03 31 15:41:49.169#Z#DEBUG#1ed22708-2d18-11f1-af94-eeee0a833986.OPERATION#flowable-async-job-executor-thread-12306#
[CreateServiceStep] Triggered service operations: {
  "bookshop-destination" : "CREATE"
}#
#2026 03 31 15:41:49.170#Z#DEBUG#1ed22708-2d18-11f1-af94-eeee0a833986.OPERATION#flowable-async-job-executor-thread-12306#
Step "Create" finished#
#2026 03 31 15:41:59.670#Z#DEBUG#1ed22708-2d18-11f1-af94-eeee0a833986.OPERATION#flowable-async-job-executor-thread-17146#
[CreateServiceStep] Executing task "CreateServiceTask" of process "1fc4c4e6-2d18-11f1-af94-eeee0a833986"...#
#2026 03 31 15:41:59.671#Z#DEBUG#1ed22708-2d18-11f1-af94-eeee0a833986.OPERATION#flowable-async-job-executor-thread-17146#
[CreateServiceStep] Polling service operations...#
#2026 03 31 15:41:59.673#Z#DEBUG#1ed22708-2d18-11f1-af94-eeee0a833986.OPERATION#flowable-async-job-executor-thread-17146#
[CreateServiceStep] Getting service instance "bookshop-auth"...#
#2026 03 31 15:41:59.676#Z#DEBUG#1ed22708-2d18-11f1-af94-eeee0a833986.OPERATION#flowable-async-job-executor-thread-17143#
[CreateServiceStep] Executing task "CreateServiceTask" of process "21258d59-2d18-11f1-b2b3-eeee0a9e5b0b"...#
#2026 03 31 15:41:59.676#Z#DEBUG#1ed22708-2d18-11f1-af94-eeee0a833986.OPERATION#flowable-async-job-executor-thread-17143#
[CreateServiceStep] Polling service operations...#
#2026 03 31 15:41:59.678#Z#DEBUG#1ed22708-2d18-11f1-af94-eeee0a833986.OPERATION#flowable-async-job-executor-thread-17143#
[CreateServiceStep] Getting service instance "bookshop-db"...#
#2026 03 31 15:41:59.689#Z#DEBUG#1ed22708-2d18-11f1-af94-eeee0a833986.OPERATION#flowable-async-job-executor-thread-17142#
[CreateServiceStep] Executing task "CreateServiceTask" of process "213b5f3c-2d18-11f1-8c51-eeee0a84f5cf"...#
#2026 03 31 15:41:59.690#Z#DEBUG#1ed22708-2d18-11f1-af94-eeee0a833986.OPERATION#flowable-async-job-executor-thread-17142#
[CreateServiceStep] Polling service operations...#
#2026 03 31 15:41:59.691#Z#DEBUG#1ed22708-2d18-11f1-af94-eeee0a833986.OPERATION#flowable-async-job-executor-thread-17142#
[CreateServiceStep] Getting service instance "bookshop-html5-repo-host"...#
#2026 03 31 15:41:59.713#Z#DEBUG#1ed22708-2d18-11f1-af94-eeee0a833986.OPERATION#flowable-async-job-executor-thread-17144#
[CreateServiceStep] Executing task "CreateServiceTask" of process "2166db73-2d18-11f1-af94-eeee0a833986"...#
#2026 03 31 15:41:59.713#Z#DEBUG#1ed22708-2d18-11f1-af94-eeee0a833986.OPERATION#flowable-async-job-executor-thread-17144#
[CreateServiceStep] Polling service operations...#
#2026 03 31 15:41:59.714#Z#DEBUG#1ed22708-2d18-11f1-af94-eeee0a833986.OPERATION#flowable-async-job-executor-thread-17144#
[CreateServiceStep] Getting service instance "bookshop-destination"...#
#2026 03 31 15:41:59.812#Z#DEBUG#1ed22708-2d18-11f1-af94-eeee0a833986.OPERATION#flowable-async-job-executor-thread-17143#
[CreateServiceStep] Last operation for service "bookshop-db": {
  "type" : "CREATE",
  "state" : "SUCCEEDED"
}#
#2026 03 31 15:41:59.812#Z#DEBUG#1ed22708-2d18-11f1-af94-eeee0a833986.OPERATION#flowable-async-job-executor-thread-17143#
[CreateServiceStep] Service "bookshop-db" created#
#2026 03 31 15:41:59.812#Z#INFO#1ed22708-2d18-11f1-af94-eeee0a833986.OPERATION#flowable-async-job-executor-thread-17143#
[CreateServiceStep] 1 of 1 done#
#2026 03 31 15:41:59.812#Z#DEBUG#1ed22708-2d18-11f1-af94-eeee0a833986.OPERATION#flowable-async-job-executor-thread-17146#
[CreateServiceStep] Last operation for service "bookshop-auth": {
  "type" : "CREATE",
  "description" : "",
  "state" : "SUCCEEDED"
}#
#2026 03 31 15:41:59.812#Z#DEBUG#1ed22708-2d18-11f1-af94-eeee0a833986.OPERATION#flowable-async-job-executor-thread-17146#
[CreateServiceStep] Service "bookshop-auth" created#
#2026 03 31 15:41:59.812#Z#INFO#1ed22708-2d18-11f1-af94-eeee0a833986.OPERATION#flowable-async-job-executor-thread-17146#
[CreateServiceStep] 1 of 1 done#
#2026 03 31 15:41:59.815#Z#DEBUG#1ed22708-2d18-11f1-af94-eeee0a833986.OPERATION#flowable-async-job-executor-thread-17143#
[CreateServiceStep] Remaining services to poll: [ ]#
#2026 03 31 15:41:59.816#Z#DEBUG#1ed22708-2d18-11f1-af94-eeee0a833986.OPERATION#flowable-async-job-executor-thread-17143#
Step "Create" finished#
#2026 03 31 15:41:59.817#Z#DEBUG#1ed22708-2d18-11f1-af94-eeee0a833986.OPERATION#flowable-async-job-executor-thread-17146#
[CreateServiceStep] Remaining services to poll: [ ]#
#2026 03 31 15:41:59.821#Z#DEBUG#1ed22708-2d18-11f1-af94-eeee0a833986.OPERATION#flowable-async-job-executor-thread-17146#
Step "Create" finished#
#2026 03 31 15:41:59.822#Z#DEBUG#1ed22708-2d18-11f1-af94-eeee0a833986.OPERATION#flowable-async-job-executor-thread-17142#
[CreateServiceStep] Last operation for service "bookshop-html5-repo-host": {
  "type" : "CREATE",
  "description" : "",
  "state" : "SUCCEEDED"
}#
#2026 03 31 15:41:59.822#Z#DEBUG#1ed22708-2d18-11f1-af94-eeee0a833986.OPERATION#flowable-async-job-executor-thread-17142#
[CreateServiceStep] Service "bookshop-html5-repo-host" created#
#2026 03 31 15:41:59.822#Z#INFO#1ed22708-2d18-11f1-af94-eeee0a833986.OPERATION#flowable-async-job-executor-thread-17142#
[CreateServiceStep] 1 of 1 done#
#2026 03 31 15:41:59.832#Z#DEBUG#1ed22708-2d18-11f1-af94-eeee0a833986.OPERATION#flowable-async-job-executor-thread-17144#
[CreateServiceStep] Last operation for service "bookshop-destination": {
  "type" : "CREATE",
  "description" : "",
  "state" : "SUCCEEDED"
}#
#2026 03 31 15:41:59.832#Z#DEBUG#1ed22708-2d18-11f1-af94-eeee0a833986.OPERATION#flowable-async-job-executor-thread-17144#
[CreateServiceStep] Service "bookshop-destination" created#
#2026 03 31 15:41:59.832#Z#INFO#1ed22708-2d18-11f1-af94-eeee0a833986.OPERATION#flowable-async-job-executor-thread-17144#
[CreateServiceStep] 1 of 1 done#
#2026 03 31 15:41:59.835#Z#DEBUG#1ed22708-2d18-11f1-af94-eeee0a833986.OPERATION#flowable-async-job-executor-thread-17144#
[CreateServiceStep] Remaining services to poll: [ ]#
#2026 03 31 15:41:59.836#Z#DEBUG#1ed22708-2d18-11f1-af94-eeee0a833986.OPERATION#flowable-async-job-executor-thread-17144#
Step "Create" finished#
#2026 03 31 15:41:59.839#Z#DEBUG#1ed22708-2d18-11f1-af94-eeee0a833986.OPERATION#flowable-async-job-executor-thread-17142#
[CreateServiceStep] Remaining services to poll: [ ]#
#2026 03 31 15:41:59.841#Z#DEBUG#1ed22708-2d18-11f1-af94-eeee0a833986.OPERATION#flowable-async-job-executor-thread-17142#
Step "Create" finished#
#2026 03 31 15:42:01.047#Z#DEBUG#1ed22708-2d18-11f1-af94-eeee0a833986.OPERATION#flowable-async-job-executor-thread-12313#
[PrepareModulesDeploymentStep] Executing task "prepareModulesDeploymentTask" of process "28a7651c-2d18-11f1-af94-eeee0a833986"...#
#2026 03 31 15:42:01.048#Z#DEBUG#1ed22708-2d18-11f1-af94-eeee0a833986.OPERATION#flowable-async-job-executor-thread-12313#
[PrepareModulesDeploymentStep] Preparing modules deployment...#
#2026 03 31 15:42:01.053#Z#DEBUG#1ed22708-2d18-11f1-af94-eeee0a833986.OPERATION#flowable-async-job-executor-thread-12313#
Step "Prepare Modules Deployment" finished#
#2026 03 31 15:42:01.091#Z#DEBUG#1ed22708-2d18-11f1-af94-eeee0a833986.OPERATION#flowable-async-job-executor-thread-12314#
[ComputeNextModulesStep] Executing task "computeNextModulesToDeployInParallel" of process "28a7651c-2d18-11f1-af94-eeee0a833986"...#
#2026 03 31 15:42:01.094#Z#DEBUG#1ed22708-2d18-11f1-af94-eeee0a833986.OPERATION#flowable-async-job-executor-thread-12314#
[ComputeNextModulesStep] Computing modules for next parallel iteration...#
#2026 03 31 15:42:01.118#Z#DEBUG#1ed22708-2d18-11f1-af94-eeee0a833986.OPERATION#flowable-async-job-executor-thread-12314#
[ComputeNextModulesStep] Completed modules detected: []#
#2026 03 31 15:42:01.118#Z#DEBUG#1ed22708-2d18-11f1-af94-eeee0a833986.OPERATION#flowable-async-job-executor-thread-12314#
[ComputeNextModulesStep] All modules for deploy detected: [bookshop-app-deployer, bookshop-db-deployer, bookshop-destinations, bookshop-srv]#
#2026 03 31 15:42:01.118#Z#DEBUG#1ed22708-2d18-11f1-af94-eeee0a833986.OPERATION#flowable-async-job-executor-thread-12314#
[ComputeNextModulesStep] Modules not for deploy detected: []#
#2026 03 31 15:42:01.120#Z#DEBUG#1ed22708-2d18-11f1-af94-eeee0a833986.OPERATION#flowable-async-job-executor-thread-12314#
[ComputeNextModulesStep] Computed modules for next parallel iteration: [ {
  "majorSchemaVersion" : 3,
  "name" : "bookshop-srv",
  "type" : "javascript.nodejs",
  "path" : "bookshop-srv",
  "properties" : { },
  "parameters" : {
    "app-name" : "bookshop-srv",
    "buildpack" : "nodejs_buildpack",
    "default-app-name" : "bookshop-srv",
    "default-host" : "821f3512trial-dev-bookshop-srv",
    "default-instances" : 1,
    "default-live-app-name" : "bookshop-srv",
    "default-live-domain" : "cfapps.us10-001.hana.ondemand.com",
    "default-live-host" : "821f3512trial-dev-bookshop-srv",
    "default-live-uri" : "821f3512trial-dev-bookshop-srv.cfapps.us10-001.hana.ondemand.com",
    "default-live-url" : "https://821f3512trial-dev-bookshop-srv.cfapps.us10-001.hana.ondemand.com",
    "default-uri" : "821f3512trial-dev-bookshop-srv.cfapps.us10-001.hana.ondemand.com",
    "default-url" : "https://821f3512trial-dev-bookshop-srv.cfapps.us10-001.hana.ondemand.com",
    "dependency-type" : "soft",
    "domain" : "cfapps.us10-001.hana.ondemand.com",
    "generated-password" : "********",
    "generated-user" : "********",
    "host" : "821f3512trial-dev-bookshop-srv",
    "instances" : 1,
    "protocol" : "https"
  },
  "requiredDependencies" : [ {
    "majorSchemaVersion" : 3,
    "name" : "********",
    "properties" : { },
    "parameters" : { },
    "propertiesMetadata" : {
      "metadata" : { }
    },
    "parametersMetadata" : {
      "metadata" : { }
    }
  }, {
    "majorSchemaVersion" : 3,
    "name" : "bookshop-db",
    "properties" : { },
    "parameters" : { },
    "propertiesMetadata" : {
      "metadata" : { }
    },
    "parametersMetadata" : {
      "metadata" : { }
    }
  }, {
    "majorSchemaVersion" : 3,
    "name" : "bookshop-destination",
    "properties" : { },
    "parameters" : { },
    "propertiesMetadata" : {
      "metadata" : { }
    },
    "parametersMetadata" : {
      "metadata" : { }
    }
  } ],
  "providedDependencies" : [ {
    "majorSchemaVersion" : 3,
    "name" : "srv-api",
    "isPublic" : false,
    "properties" : {
      "srv-url" : "https://821f3512trial-dev-bookshop-srv.cfapps.us10-001.hana.ondemand.com"
    },
    "parameters" : { },
    "propertiesMetadata" : {
      "metadata" : { }
    },
    "parametersMetadata" : {
      "metadata" : { }
    }
  }, {
    "majorSchemaVersion" : 3,
    "name" : "bookshop-srv",
    "isPublic" : false,
    "properties" : { },
    "parameters" : { },
    "propertiesMetadata" : {
      "metadata" : { }
    },
    "parametersMetadata" : {
      "metadata" : { }
    }
  } ],
  "propertiesMetadata" : {
    "metadata" : { }
  },
  "parametersMetadata" : {
    "metadata" : { }
  },
  "deployedAfter" : [ ],
  "hooks" : [ ]
}, {
  "majorSchemaVersion" : 3,
  "name" : "bookshop-db-deployer",
  "type" : "com.sap.xs.hdi",
  "path" : "bookshop-db-deployer",
  "properties" : {
    "EXIT" : 1
  },
  "parameters" : {
    "app-name" : "bookshop-db-deployer",
    "buildpack" : "nodejs_buildpack",
    "default-app-name" : "bookshop-db-deployer",
    "default-host" : "821f3512trial-dev-bookshop-db-deployer",
    "default-instances" : 1,
    "default-live-app-name" : "bookshop-db-deployer",
    "default-live-domain" : "cfapps.us10-001.hana.ondemand.com",
    "default-live-host" : "821f3512trial-dev-bookshop-db-deployer",
    "default-live-uri" : "821f3512trial-dev-bookshop-db-deployer.cfapps.us10-001.hana.ondemand.com",
    "default-live-url" : "https://821f3512trial-dev-bookshop-db-deployer.cfapps.us10-001.hana.ondemand.com",
    "default-uri" : "821f3512trial-dev-bookshop-db-deployer.cfapps.us10-001.hana.ondemand.com",
    "default-url" : "https://821f3512trial-dev-bookshop-db-deployer.cfapps.us10-001.hana.ondemand.com",
    "dependency-type" : "hard",
    "domain" : "cfapps.us10-001.hana.ondemand.com",
    "generated-password" : "********",
    "generated-user" : "********",
    "host" : "821f3512trial-dev-bookshop-db-deployer",
    "instances" : 1,
    "memory" : "256M",
    "no-route" : true,
    "no-start" : true,
    "protocol" : "https",
    "tasks" : [ {
      "command" : "npm start",
      "memory" : "256M",
      "name" : "deploy"
    } ]
  },
  "requiredDependencies" : [ {
    "majorSchemaVersion" : 3,
    "name" : "bookshop-db",
    "properties" : { },
    "parameters" : { },
    "propertiesMetadata" : {
      "metadata" : { }
    },
    "parametersMetadata" : {
      "metadata" : { }
    }
  } ],
  "providedDependencies" : [ {
    "majorSchemaVersion" : 3,
    "name" : "bookshop-db-deployer",
    "isPublic" : false,
    "properties" : { },
    "parameters" : { },
    "propertiesMetadata" : {
      "metadata" : { }
    },
    "parametersMetadata" : {
      "metadata" : { }
    }
  } ],
  "propertiesMetadata" : {
    "metadata" : { }
  },
  "parametersMetadata" : {
    "metadata" : { }
  },
  "deployedAfter" : [ ],
  "hooks" : [ ]
}, {
  "majorSchemaVersion" : 3,
  "name" : "bookshop-app-deployer",
  "type" : "com.sap.application.content",
  "path" : "bookshop-app-deployer",
  "properties" : { },
  "parameters" : {
    "app-name" : "bookshop-app-deployer",
    "default-app-name" : "bookshop-app-deployer",
    "default-host" : "821f3512trial-dev-bookshop-app-deployer",
    "default-instances" : 1,
    "default-live-app-name" : "bookshop-app-deployer",
    "default-live-domain" : "cfapps.us10-001.hana.ondemand.com",
    "default-live-host" : "821f3512trial-dev-bookshop-app-deployer",
    "default-live-uri" : "821f3512trial-dev-bookshop-app-deployer.cfapps.us10-001.hana.ondemand.com",
    "default-live-url" : "https://821f3512trial-dev-bookshop-app-deployer.cfapps.us10-001.hana.ondemand.com",
    "default-uri" : "821f3512trial-dev-bookshop-app-deployer.cfapps.us10-001.hana.ondemand.com",
    "default-url" : "https://821f3512trial-dev-bookshop-app-deployer.cfapps.us10-001.hana.ondemand.com",
    "dependency-type" : "soft",
    "domain" : "cfapps.us10-001.hana.ondemand.com",
    "generated-password" : "********",
    "generated-user" : "********",
    "host" : "821f3512trial-dev-bookshop-app-deployer",
    "instances" : 1,
    "protocol" : "https"
  },
  "requiredDependencies" : [ {
    "majorSchemaVersion" : 3,
    "name" : "********",
    "properties" : { },
    "parameters" : { },
    "propertiesMetadata" : {
      "metadata" : { }
    },
    "parametersMetadata" : {
      "metadata" : { }
    }
  }, {
    "majorSchemaVersion" : 3,
    "name" : "srv-api",
    "properties" : { },
    "parameters" : { },
    "propertiesMetadata" : {
      "metadata" : { }
    },
    "parametersMetadata" : {
      "metadata" : { }
    }
  }, {
    "majorSchemaVersion" : 3,
    "name" : "bookshop-html5-repo-host",
    "properties" : { },
    "parameters" : {
      "config" : {
        "HTML5Runtime_enabled" : true
      },
      "content-target" : true
    },
    "propertiesMetadata" : {
      "metadata" : { }
    },
    "parametersMetadata" : {
      "metadata" : { }
    }
  } ],
  "providedDependencies" : [ {
    "majorSchemaVersion" : 3,
    "name" : "bookshop-app-deployer",
    "isPublic" : false,
    "properties" : { },
    "parameters" : { },
    "propertiesMetadata" : {
      "metadata" : { }
    },
    "parametersMetadata" : {
      "metadata" : { }
    }
  } ],
  "propertiesMetadata" : {
    "metadata" : { }
  },
  "parametersMetadata" : {
    "metadata" : { }
  },
  "deployedAfter" : [ ],
  "hooks" : [ ]
}, {
  "majorSchemaVersion" : 3,
  "name" : "bookshop-destinations",
  "type" : "com.sap.application.content",
  "properties" : { },
  "parameters" : {
    "app-name" : "bookshop-destinations",
    "content" : {
      "instance" : {
        "destinations" : [ {
          "Name" : "bookshop-html5-repository",
          "ServiceInstanceName" : "bookshop-html5-repo-host",
          "ServiceKeyName" : "********",
          "sap.cloud.service" : "bookshop.service"
        }, {
          "Authentication" : "********",
          "Name" : "********",
          "ServiceInstanceName" : "********",
          "ServiceKeyName" : "********",
          "sap.cloud.service" : "bookshop.service"
        } ],
        "existing_destinations_policy" : "update"
      }
    },
    "default-app-name" : "bookshop-destinations",
    "default-host" : "821f3512trial-dev-bookshop-destinations",
    "default-instances" : 1,
    "default-live-app-name" : "bookshop-destinations",
    "default-live-domain" : "cfapps.us10-001.hana.ondemand.com",
    "default-live-host" : "821f3512trial-dev-bookshop-destinations",
    "default-live-uri" : "821f3512trial-dev-bookshop-destinations.cfapps.us10-001.hana.ondemand.com",
    "default-live-url" : "https://821f3512trial-dev-bookshop-destinations.cfapps.us10-001.hana.ondemand.com",
    "default-uri" : "821f3512trial-dev-bookshop-destinations.cfapps.us10-001.hana.ondemand.com",
    "default-url" : "https://821f3512trial-dev-bookshop-destinations.cfapps.us10-001.hana.ondemand.com",
    "dependency-type" : "soft",
    "domain" : "cfapps.us10-001.hana.ondemand.com",
    "generated-password" : "********",
    "generated-user" : "********",
    "host" : "821f3512trial-dev-bookshop-destinations",
    "instances" : 1,
    "protocol" : "https"
  },
  "requiredDependencies" : [ {
    "majorSchemaVersion" : 3,
    "name" : "********",
    "properties" : { },
    "parameters" : {
      "service-key" : "********"
    },
    "propertiesMetadata" : {
      "metadata" : { }
    },
    "parametersMetadata" : {
      "metadata" : { }
    }
  }, {
    "majorSchemaVersion" : 3,
    "name" : "bookshop-html5-repo-host",
    "properties" : { },
    "parameters" : {
      "service-key" : "********"
    },
    "propertiesMetadata" : {
      "metadata" : { }
    },
    "parametersMetadata" : {
      "metadata" : { }
    }
  }, {
    "majorSchemaVersion" : 3,
    "name" : "srv-api",
    "properties" : { },
    "parameters" : { },
    "propertiesMetadata" : {
      "metadata" : { }
    },
    "parametersMetadata" : {
      "metadata" : { }
    }
  }, {
    "majorSchemaVersion" : 3,
    "name" : "bookshop-destination",
    "properties" : { },
    "parameters" : {
      "content-target" : true
    },
    "propertiesMetadata" : {
      "metadata" : { }
    },
    "parametersMetadata" : {
      "metadata" : { }
    }
  } ],
  "providedDependencies" : [ {
    "majorSchemaVersion" : 3,
    "name" : "bookshop-destinations",
    "isPublic" : false,
    "properties" : { },
    "parameters" : { },
    "propertiesMetadata" : {
      "metadata" : { }
    },
    "parametersMetadata" : {
      "metadata" : { }
    }
  } ],
  "propertiesMetadata" : {
    "metadata" : { }
  },
  "parametersMetadata" : {
    "metadata" : { }
  },
  "deployedAfter" : [ ],
  "hooks" : [ ]
} ]#
#2026 03 31 15:42:01.120#Z#DEBUG#1ed22708-2d18-11f1-af94-eeee0a833986.OPERATION#flowable-async-job-executor-thread-12314#
Step "Compute Next Modules To Deploy" finished#
#2026 03 31 15:42:01.263#Z#DEBUG#1ed22708-2d18-11f1-af94-eeee0a833986.OPERATION#flowable-async-job-executor-thread-12315#
[ProcessDescriptorStep] Executing task "reprocessDescriptorTask" of process "28c83460-2d18-11f1-af94-eeee0a833986"...#
#2026 03 31 15:42:01.264#Z#DEBUG#1ed22708-2d18-11f1-af94-eeee0a833986.OPERATION#flowable-async-job-executor-thread-12315#
[ProcessDescriptorStep] Resolving properties and parameters in merged descriptor...#
#2026 03 31 15:42:01.268#Z#DEBUG#1ed22708-2d18-11f1-af94-eeee0a833986.OPERATION#flowable-async-job-executor-thread-12315#
[ProcessDescriptorStep] Subscriptions: [ ]#
#2026 03 31 15:42:01.272#Z#DEBUG#1ed22708-2d18-11f1-af94-eeee0a833986.OPERATION#flowable-async-job-executor-thread-12315#
[ProcessDescriptorStep] MTA modules: [bookshop-app-deployer, bookshop-db-deployer, bookshop-destinations, bookshop-srv]#
#2026 03 31 15:42:01.275#Z#DEBUG#1ed22708-2d18-11f1-af94-eeee0a833986.OPERATION#flowable-async-job-executor-thread-12315#
[ProcessDescriptorStep] Resolved deployment descriptor: {
  "majorSchemaVersion" : 3,
  "schemaVersion" : "3.3.0",
  "id" : "bookshop",
  "version" : "1.0.0",
  "modules" : [ {
    "majorSchemaVersion" : 3,
    "name" : "bookshop-srv",
    "type" : "javascript.nodejs",
    "path" : "bookshop-srv",
    "properties" : { },
    "parameters" : {
      "default-url" : "https://821f3512trial-dev-bookshop-srv.cfapps.us10-001.hana.ondemand.com",
      "default-app-name" : "bookshop-srv",
      "generated-password" : "********",
      "default-live-url" : "https://821f3512trial-dev-bookshop-srv.cfapps.us10-001.hana.ondemand.com",
      "default-uri" : "821f3512trial-dev-bookshop-srv.cfapps.us10-001.hana.ondemand.com",
      "default-instances" : 1,
      "default-live-host" : "821f3512trial-dev-bookshop-srv",
      "instances" : 1,
      "buildpack" : "nodejs_buildpack",
      "default-host" : "821f3512trial-dev-bookshop-srv",
      "app-name" : "bookshop-srv",
      "default-live-uri" : "821f3512trial-dev-bookshop-srv.cfapps.us10-001.hana.ondemand.com",
      "protocol" : "https",
      "default-live-app-name" : "bookshop-srv",
      "default-live-domain" : "cfapps.us10-001.hana.ondemand.com",
      "domain" : "cfapps.us10-001.hana.ondemand.com",
      "host" : "821f3512trial-dev-bookshop-srv",
      "generated-user" : "********"
    },
    "requiredDependencies" : [ {
      "majorSchemaVersion" : 3,
      "name" : "********",
      "properties" : { },
      "parameters" : { },
      "propertiesMetadata" : {
        "metadata" : { }
      },
      "parametersMetadata" : {
        "metadata" : { }
      }
    }, {
      "majorSchemaVersion" : 3,
      "name" : "bookshop-db",
      "properties" : { },
      "parameters" : { },
      "propertiesMetadata" : {
        "metadata" : { }
      },
      "parametersMetadata" : {
        "metadata" : { }
      }
    }, {
      "majorSchemaVersion" : 3,
      "name" : "bookshop-destination",
      "properties" : { },
      "parameters" : { },
      "propertiesMetadata" : {
        "metadata" : { }
      },
      "parametersMetadata" : {
        "metadata" : { }
      }
    } ],
    "providedDependencies" : [ {
      "majorSchemaVersion" : 3,
      "name" : "srv-api",
      "isPublic" : false,
      "properties" : {
        "srv-url" : "https://821f3512trial-dev-bookshop-srv.cfapps.us10-001.hana.ondemand.com"
      },
      "parameters" : { },
      "propertiesMetadata" : {
        "metadata" : { }
      },
      "parametersMetadata" : {
        "metadata" : { }
      }
    }, {
      "majorSchemaVersion" : 3,
      "name" : "bookshop-srv",
      "isPublic" : false,
      "properties" : { },
      "parameters" : { },
      "propertiesMetadata" : {
        "metadata" : { }
      },
      "parametersMetadata" : {
        "metadata" : { }
      }
    } ],
    "propertiesMetadata" : {
      "metadata" : { }
    },
    "parametersMetadata" : {
      "metadata" : { }
    },
    "hooks" : [ ]
  }, {
    "majorSchemaVersion" : 3,
    "name" : "bookshop-db-deployer",
    "type" : "com.sap.xs.hdi",
    "path" : "bookshop-db-deployer",
    "properties" : {
      "EXIT" : 1
    },
    "parameters" : {
      "default-url" : "https://821f3512trial-dev-bookshop-db-deployer.cfapps.us10-001.hana.ondemand.com",
      "default-app-name" : "bookshop-db-deployer",
      "generated-password" : "********",
      "default-live-url" : "https://821f3512trial-dev-bookshop-db-deployer.cfapps.us10-001.hana.ondemand.com",
      "default-uri" : "821f3512trial-dev-bookshop-db-deployer.cfapps.us10-001.hana.ondemand.com",
      "memory" : "256M",
      "default-instances" : 1,
      "no-route" : true,
      "default-live-host" : "821f3512trial-dev-bookshop-db-deployer",
      "instances" : 1,
      "buildpack" : "nodejs_buildpack",
      "default-host" : "821f3512trial-dev-bookshop-db-deployer",
      "app-name" : "bookshop-db-deployer",
      "default-live-uri" : "821f3512trial-dev-bookshop-db-deployer.cfapps.us10-001.hana.ondemand.com",
      "protocol" : "https",
      "default-live-app-name" : "bookshop-db-deployer",
      "default-live-domain" : "cfapps.us10-001.hana.ondemand.com",
      "dependency-type" : "hard",
      "domain" : "cfapps.us10-001.hana.ondemand.com",
      "host" : "821f3512trial-dev-bookshop-db-deployer",
      "generated-user" : "********",
      "tasks" : [ {
        "command" : "npm start",
        "memory" : "256M",
        "name" : "deploy"
      } ],
      "no-start" : true
    },
    "requiredDependencies" : [ {
      "majorSchemaVersion" : 3,
      "name" : "bookshop-db",
      "properties" : { },
      "parameters" : { },
      "propertiesMetadata" : {
        "metadata" : { }
      },
      "parametersMetadata" : {
        "metadata" : { }
      }
    } ],
    "providedDependencies" : [ {
      "majorSchemaVersion" : 3,
      "name" : "bookshop-db-deployer",
      "isPublic" : false,
      "properties" : { },
      "parameters" : { },
      "propertiesMetadata" : {
        "metadata" : { }
      },
      "parametersMetadata" : {
        "metadata" : { }
      }
    } ],
    "propertiesMetadata" : {
      "metadata" : { }
    },
    "parametersMetadata" : {
      "metadata" : { }
    },
    "hooks" : [ ]
  }, {
    "majorSchemaVersion" : 3,
    "name" : "bookshop-app-deployer",
    "type" : "com.sap.application.content",
    "path" : "bookshop-app-deployer",
    "properties" : { },
    "parameters" : {
      "default-url" : "https://821f3512trial-dev-bookshop-app-deployer.cfapps.us10-001.hana.ondemand.com",
      "default-app-name" : "bookshop-app-deployer",
      "generated-password" : "********",
      "default-live-url" : "https://821f3512trial-dev-bookshop-app-deployer.cfapps.us10-001.hana.ondemand.com",
      "default-uri" : "821f3512trial-dev-bookshop-app-deployer.cfapps.us10-001.hana.ondemand.com",
      "default-instances" : 1,
      "default-live-host" : "821f3512trial-dev-bookshop-app-deployer",
      "instances" : 1,
      "default-host" : "821f3512trial-dev-bookshop-app-deployer",
      "app-name" : "bookshop-app-deployer",
      "default-live-uri" : "821f3512trial-dev-bookshop-app-deployer.cfapps.us10-001.hana.ondemand.com",
      "protocol" : "https",
      "default-live-app-name" : "bookshop-app-deployer",
      "default-live-domain" : "cfapps.us10-001.hana.ondemand.com",
      "domain" : "cfapps.us10-001.hana.ondemand.com",
      "host" : "821f3512trial-dev-bookshop-app-deployer",
      "generated-user" : "********"
    },
    "requiredDependencies" : [ {
      "majorSchemaVersion" : 3,
      "name" : "********",
      "properties" : { },
      "parameters" : { },
      "propertiesMetadata" : {
        "metadata" : { }
      },
      "parametersMetadata" : {
        "metadata" : { }
      }
    }, {
      "majorSchemaVersion" : 3,
      "name" : "srv-api",
      "properties" : { },
      "parameters" : { },
      "propertiesMetadata" : {
        "metadata" : { }
      },
      "parametersMetadata" : {
        "metadata" : { }
      }
    }, {
      "majorSchemaVersion" : 3,
      "name" : "bookshop-html5-repo-host",
      "properties" : { },
      "parameters" : {
        "config" : {
          "HTML5Runtime_enabled" : true
        },
        "content-target" : true
      },
      "propertiesMetadata" : {
        "metadata" : { }
      },
      "parametersMetadata" : {
        "metadata" : { }
      }
    } ],
    "providedDependencies" : [ {
      "majorSchemaVersion" : 3,
      "name" : "bookshop-app-deployer",
      "isPublic" : false,
      "properties" : { },
      "parameters" : { },
      "propertiesMetadata" : {
        "metadata" : { }
      },
      "parametersMetadata" : {
        "metadata" : { }
      }
    } ],
    "propertiesMetadata" : {
      "metadata" : { }
    },
    "parametersMetadata" : {
      "metadata" : { }
    },
    "hooks" : [ ]
  }, {
    "majorSchemaVersion" : 3,
    "name" : "bookshop-destinations",
    "type" : "com.sap.application.content",
    "properties" : { },
    "parameters" : {
      "default-url" : "https://821f3512trial-dev-bookshop-destinations.cfapps.us10-001.hana.ondemand.com",
      "default-app-name" : "bookshop-destinations",
      "generated-password" : "********",
      "default-live-url" : "https://821f3512trial-dev-bookshop-destinations.cfapps.us10-001.hana.ondemand.com",
      "default-uri" : "821f3512trial-dev-bookshop-destinations.cfapps.us10-001.hana.ondemand.com",
      "default-instances" : 1,
      "default-live-host" : "821f3512trial-dev-bookshop-destinations",
      "instances" : 1,
      "default-host" : "821f3512trial-dev-bookshop-destinations",
      "content" : {
        "instance" : {
          "destinations" : [ {
            "Name" : "bookshop-html5-repository",
            "ServiceInstanceName" : "bookshop-html5-repo-host",
            "ServiceKeyName" : "********",
            "sap.cloud.service" : "bookshop.service"
          }, {
            "Authentication" : "********",
            "Name" : "********",
            "ServiceInstanceName" : "********",
            "ServiceKeyName" : "********",
            "sap.cloud.service" : "bookshop.service"
          } ],
          "existing_destinations_policy" : "update"
        }
      },
      "app-name" : "bookshop-destinations",
      "default-live-uri" : "821f3512trial-dev-bookshop-destinations.cfapps.us10-001.hana.ondemand.com",
      "protocol" : "https",
      "default-live-app-name" : "bookshop-destinations",
      "default-live-domain" : "cfapps.us10-001.hana.ondemand.com",
      "domain" : "cfapps.us10-001.hana.ondemand.com",
      "host" : "821f3512trial-dev-bookshop-destinations",
      "generated-user" : "********"
    },
    "requiredDependencies" : [ {
      "majorSchemaVersion" : 3,
      "name" : "********",
      "properties" : { },
      "parameters" : {
        "service-key" : "********"
      },
      "propertiesMetadata" : {
        "metadata" : { }
      },
      "parametersMetadata" : {
        "metadata" : { }
      }
    }, {
      "majorSchemaVersion" : 3,
      "name" : "bookshop-html5-repo-host",
      "properties" : { },
      "parameters" : {
        "service-key" : "********"
      },
      "propertiesMetadata" : {
        "metadata" : { }
      },
      "parametersMetadata" : {
        "metadata" : { }
      }
    }, {
      "majorSchemaVersion" : 3,
      "name" : "srv-api",
      "properties" : { },
      "parameters" : { },
      "propertiesMetadata" : {
        "metadata" : { }
      },
      "parametersMetadata" : {
        "metadata" : { }
      }
    }, {
      "majorSchemaVersion" : 3,
      "name" : "bookshop-destination",
      "properties" : { },
      "parameters" : {
        "content-target" : true
      },
      "propertiesMetadata" : {
        "metadata" : { }
      },
      "parametersMetadata" : {
        "metadata" : { }
      }
    } ],
    "providedDependencies" : [ {
      "majorSchemaVersion" : 3,
      "name" : "bookshop-destinations",
      "isPublic" : false,
      "properties" : { },
      "parameters" : { },
      "propertiesMetadata" : {
        "metadata" : { }
      },
      "parametersMetadata" : {
        "metadata" : { }
      }
    } ],
    "propertiesMetadata" : {
      "metadata" : { }
    },
    "parametersMetadata" : {
      "metadata" : { }
    },
    "hooks" : [ ]
  } ],
  "resources" : [ {
    "majorSchemaVersion" : 3,
    "name" : "********",
    "type" : "org.cloudfoundry.managed-service",
    "properties" : { },
    "parameters" : {
      "generated-password" : "********",
      "path" : "./xs-security.json",
      "service-name" : "********",
      "service-plan" : "application",
      "service" : "xsuaa",
      "generated-user" : "********",
      "default-xsappname" : "********",
      "type" : "managed-service",
      "config" : {
        "oauth2-configuration" : "********",
        "role-collections" : [ {
          "description" : "generated",
          "name" : "admin (bookshop 821f3512trial-dev)",
          "role-template-references" : [ "$XSAPPNAME.admin" ]
        } ],
        "tenant-mode" : "dedicated",
        "xsappname" : "bookshop-821f3512trial-dev"
      },
      "default-service-name" : "********",
      "default-container-name" : "********"
    },
    "isActive" : true,
    "isOptional" : false,
    "propertiesMetadata" : {
      "metadata" : { }
    },
    "parametersMetadata" : {
      "metadata" : { }
    },
    "requiredDependencies" : [ ],
    "processedAfter" : [ ]
  }, {
    "majorSchemaVersion" : 3,
    "name" : "bookshop-db",
    "type" : "com.sap.xs.hdi-container",
    "properties" : { },
    "parameters" : {
      "generated-password" : "********",
      "service-name" : "bookshop-db",
      "service-plan" : "hdi-shared",
      "service" : "hana",
      "generated-user" : "********",
      "default-xsappname" : "bookshop-db",
      "type" : "managed-service",
      "default-service-name" : "bookshop-db",
      "default-container-name" : "821F3512TRIAL_DEV_BOOKSHOP_DB"
    },
    "isActive" : true,
    "isOptional" : false,
    "propertiesMetadata" : {
      "metadata" : { }
    },
    "parametersMetadata" : {
      "metadata" : { }
    },
    "requiredDependencies" : [ ],
    "processedAfter" : [ ]
  }, {
    "majorSchemaVersion" : 3,
    "name" : "bookshop-destination",
    "type" : "org.cloudfoundry.managed-service",
    "properties" : { },
    "parameters" : {
      "generated-password" : "********",
      "service-name" : "bookshop-destination",
      "service-plan" : "lite",
      "service" : "destination",
      "generated-user" : "********",
      "default-xsappname" : "bookshop-destination",
      "type" : "managed-service",
      "config" : {
        "HTML5Runtime_enabled" : true,
        "init_data" : {
          "instance" : {
            "destinations" : [ {
              "Authentication" : "********",
              "HTML5.DynamicDestination" : true,
              "HTML5.ForwardAuthToken" : "********",
              "Name" : "srv-api",
              "ProxyType" : "Internet",
              "Type" : "HTTP",
              "URL" : "https://821f3512trial-dev-bookshop-srv.cfapps.us10-001.hana.ondemand.com"
            } ],
            "existing_destinations_policy" : "update"
          }
        }
      },
      "default-service-name" : "bookshop-destination",
      "default-container-name" : "821F3512TRIAL_DEV_BOOKSHOP_DESTINATION"
    },
    "isActive" : true,
    "isOptional" : false,
    "propertiesMetadata" : {
      "metadata" : { }
    },
    "parametersMetadata" : {
      "metadata" : { }
    },
    "requiredDependencies" : [ {
      "majorSchemaVersion" : 3,
      "name" : "srv-api",
      "properties" : { },
      "parameters" : { },
      "propertiesMetadata" : {
        "metadata" : { }
      },
      "parametersMetadata" : {
        "metadata" : { }
      }
    } ],
    "processedAfter" : [ ]
  }, {
    "majorSchemaVersion" : 3,
    "name" : "bookshop-html5-repo-host",
    "type" : "org.cloudfoundry.managed-service",
    "properties" : { },
    "parameters" : {
      "generated-password" : "********",
      "service-name" : "bookshop-html5-repo-host",
      "service-plan" : "app-host",
      "service" : "html5-apps-repo",
      "generated-user" : "********",
      "default-xsappname" : "bookshop-html5-repo-host",
      "type" : "managed-service",
      "default-service-name" : "bookshop-html5-repo-host",
      "default-container-name" : "821F3512TRIAL_DEV_BOOKSHOP_HTML5_REPO_HOST"
    },
    "isActive" : true,
    "isOptional" : false,
    "propertiesMetadata" : {
      "metadata" : { }
    },
    "parametersMetadata" : {
      "metadata" : { }
    },
    "requiredDependencies" : [ ],
    "processedAfter" : [ ]
  } ],
  "parameters" : {
    "deploy_mode" : "html5-repo",
    "mta-id" : "bookshop",
    "authorization-url" : "********",
    "org-guid" : "551af7f5-285c-406e-9bc9-4c4f3fc185dc",
    "org" : "821f3512trial",
    "deploy-target" : "821f3512trial dev",
    "enable-parallel-deployments" : true,
    "region-primary-domain" : "us10.hana.ondemand.com",
    "space" : "dev",
    "region-domain" : "us10-001.hana.ondemand.com",
    "xs-api-url" : "https://api.cf.us10-001.hana.ondemand.com",
    "deploy-url" : "deploy-service.cfapps.us10-001.hana.ondemand.com",
    "xs-type" : "CF",
    "default-domain" : "cfapps.us10-001.hana.ondemand.com",
    "mta-version" : "1.0.0",
    "xs-auth-url" : "********",
    "space-guid" : "dde0ff71-25ef-43e9-98a4-025614d66c41",
    "user" : "********",
    "controller-url" : "https://api.cf.us10-001.hana.ondemand.com",
    "timestamp" : "20260331154144"
  },
  "parametersMetadata" : {
    "metadata" : { }
  }
}#
#2026 03 31 15:42:01.275#Z#DEBUG#1ed22708-2d18-11f1-af94-eeee0a833986.OPERATION#flowable-async-job-executor-thread-12315#
[ProcessDescriptorStep] Merged descriptor properties and parameters resolved#
#2026 03 31 15:42:01.275#Z#DEBUG#1ed22708-2d18-11f1-af94-eeee0a833986.OPERATION#flowable-async-job-executor-thread-12315#
Step "Re-Process Descriptor Step" finished#
#2026 03 31 15:42:01.299#Z#DEBUG#1ed22708-2d18-11f1-af94-eeee0a833986.OPERATION#flowable-async-job-executor-thread-12315#
[BuildApplicationDeployModelStep] Executing task "buildApplicationDeployModelTask" of process "28c83460-2d18-11f1-af94-eeee0a833986"...#
#2026 03 31 15:42:01.300#Z#DEBUG#1ed22708-2d18-11f1-af94-eeee0a833986.OPERATION#flowable-async-job-executor-thread-12315#
[BuildApplicationDeployModelStep] Building cloud deployment model for application "bookshop-srv"...#
#2026 03 31 15:42:01.304#Z#DEBUG#1ed22708-2d18-11f1-af94-eeee0a833986.OPERATION#flowable-async-job-executor-thread-12315#
[BuildApplicationDeployModelStep] No health-check-type is specified. Setting default type: port#
#2026 03 31 15:42:01.304#Z#INFO#1ed22708-2d18-11f1-af94-eeee0a833986.OPERATION#flowable-async-job-executor-thread-12315#
[BuildApplicationDeployModelStep] Building configuration entries for org 821f3512trial, space dev, spaceId dde0ff71-25ef-43e9-98a4-025614d66c41 and namespace null!#
#2026 03 31 15:42:01.305#Z#DEBUG#1ed22708-2d18-11f1-af94-eeee0a833986.OPERATION#flowable-async-job-executor-thread-12315#
[BuildApplicationDeployModelStep] Configuration entries to publish: [ ]#
#2026 03 31 15:42:01.305#Z#DEBUG#1ed22708-2d18-11f1-af94-eeee0a833986.OPERATION#flowable-async-job-executor-thread-12315#
[BuildApplicationDeployModelStep] Cloud deployment model for application built#
#2026 03 31 15:42:01.305#Z#DEBUG#1ed22708-2d18-11f1-af94-eeee0a833986.OPERATION#flowable-async-job-executor-thread-12315#
Step "Build Application Deploy Model" finished#
#2026 03 31 15:42:01.340#Z#DEBUG#1ed22708-2d18-11f1-af94-eeee0a833986.OPERATION#flowable-async-job-executor-thread-12315#
[CreateOrUpdateAppStep] Executing task "createAppTask" of process "28c83460-2d18-11f1-af94-eeee0a833986"...#
#2026 03 31 15:42:01.341#Z#DEBUG#1ed22708-2d18-11f1-af94-eeee0a833986.OPERATION#flowable-async-job-executor-thread-12315#
[CreateOrUpdateAppStep] Getting application "bookshop-srv"...#
#2026 03 31 15:42:01.380#Z#INFO#1ed22708-2d18-11f1-af94-eeee0a833986.OPERATION#flowable-async-job-executor-thread-12315#
[CreateOrUpdateAppStep] Creating application "bookshop-srv" from MTA module "bookshop-srv"...#
#2026 03 31 15:42:01.387#Z#DEBUG#1ed22708-2d18-11f1-af94-eeee0a833986.OPERATION#flowable-async-job-executor-thread-12315#
[CreateOrUpdateAppStep] Creating application "bookshop-srv" with disk "null" memory "null", URIs "821f3512trial-dev-bookshop-srv.cfapps.us10-001.hana.ondemand.com" and staging: "{
  "isReadinessHealthCheckEnabled" : true,
  "buildpacks" : [ "nodejs_buildpack" ],
  "healthCheckType" : "port",
  "appFeatures" : { }
}"#
#2026 03 31 15:42:01.872#Z#DEBUG#1ed22708-2d18-11f1-af94-eeee0a833986.OPERATION#flowable-async-job-executor-thread-12315#
[CreateOrUpdateAppStep] Application "bookshop-srv" created#
#2026 03 31 15:42:01.872#Z#DEBUG#1ed22708-2d18-11f1-af94-eeee0a833986.OPERATION#flowable-async-job-executor-thread-12315#
Step "Create App" finished#
#2026 03 31 15:42:01.965#Z#DEBUG#1ed22708-2d18-11f1-af94-eeee0a833986.OPERATION#flowable-async-job-executor-thread-12315#
[CheckServiceBindingOperationStep] Executing task "checkForServiceBindingOperationInProgress" of process "293881b8-2d18-11f1-af94-eeee0a833986"...#
#2026 03 31 15:42:01.966#Z#DEBUG#1ed22708-2d18-11f1-af94-eeee0a833986.OPERATION#flowable-async-job-executor-thread-12315#
[CheckServiceBindingOperationStep] Checking for service binding operation in progress between app "bookshop-srv" and service instance "bookshop-auth"#
#2026 03 31 15:42:01.966#Z#DEBUG#1ed22708-2d18-11f1-af94-eeee0a833986.OPERATION#flowable-async-job-executor-thread-12315#
[CheckServiceBindingOperationStep] Getting application guid "bookshop-srv"...#
#2026 03 31 15:42:02.013#Z#DEBUG#1ed22708-2d18-11f1-af94-eeee0a833986.OPERATION#flowable-async-job-executor-thread-12315#
[CheckServiceBindingOperationStep] Getting GUID of required service instance "bookshop-auth"...#
#2026 03 31 15:42:02.052#Z#DEBUG#1ed22708-2d18-11f1-af94-eeee0a833986.OPERATION#flowable-async-job-executor-thread-12315#
[CheckServiceBindingOperationStep] Getting binding of service instance "780d5032-e4c3-4502-a385-080439199043" with application "ade25197-05ca-403e-b6bf-51a3acf27001"...#
#2026 03 31 15:42:02.081#Z#DEBUG#1ed22708-2d18-11f1-af94-eeee0a833986.OPERATION#flowable-async-job-executor-thread-12315#
Step "Check For Service Binding Operation In Progress" finished#
#2026 03 31 15:42:02.107#Z#DEBUG#1ed22708-2d18-11f1-af94-eeee0a833986.OPERATION#flowable-async-job-executor-thread-12315#
[DetermineApplicationServiceBindingActionsStep] Executing task "determineApplicationServiceBindingActionsTask" of process "293881b8-2d18-11f1-af94-eeee0a833986"...#
#2026 03 31 15:42:02.108#Z#DEBUG#1ed22708-2d18-11f1-af94-eeee0a833986.OPERATION#flowable-async-job-executor-thread-12315#
[DetermineApplicationServiceBindingActionsStep] Determine bind/unbind operations of application "bookshop-srv" to service instance "bookshop-auth"#
#2026 03 31 15:42:02.108#Z#DEBUG#1ed22708-2d18-11f1-af94-eeee0a833986.OPERATION#flowable-async-job-executor-thread-12315#
[DetermineApplicationServiceBindingActionsStep] Getting application "bookshop-srv"...#
#2026 03 31 15:42:02.167#Z#DEBUG#1ed22708-2d18-11f1-af94-eeee0a833986.OPERATION#flowable-async-job-executor-thread-12315#
[DetermineApplicationServiceBindingActionsStep] Binding parameters for application "bookshop-srv": { }#
#2026 03 31 15:42:02.187#Z#DEBUG#1ed22708-2d18-11f1-af94-eeee0a833986.OPERATION#flowable-async-job-executor-thread-12315#
[DetermineApplicationServiceBindingActionsStep] Calculated binding operations between application "bookshop-srv" and service instance "bookshop-auth": unbind - false bind - true#
#2026 03 31 15:42:02.187#Z#DEBUG#1ed22708-2d18-11f1-af94-eeee0a833986.OPERATION#flowable-async-job-executor-thread-12315#
Step "Determine Application Service Binding Actions" finished#
#2026 03 31 15:42:02.220#Z#DEBUG#1ed22708-2d18-11f1-af94-eeee0a833986.OPERATION#flowable-async-job-executor-thread-12315#
[BindServiceToApplicationStep] Executing task "bindServiceToApplicationTask" of process "293881b8-2d18-11f1-af94-eeee0a833986"...#
#2026 03 31 15:42:02.221#Z#INFO#1ed22708-2d18-11f1-af94-eeee0a833986.OPERATION#flowable-async-job-executor-thread-12315#
[BindServiceToApplicationStep] Binding service instance "bookshop-auth" to application "bookshop-srv"...#
#2026 03 31 15:42:02.227#Z#DEBUG#1ed22708-2d18-11f1-af94-eeee0a833986.OPERATION#flowable-async-job-executor-thread-12315#
[BindServiceToApplicationStep] Binding service instance "bookshop-auth" to application "bookshop-srv" with parameters: { }#
#2026 03 31 15:42:02.374#Z#DEBUG#1ed22708-2d18-11f1-af94-eeee0a833986.OPERATION#flowable-async-job-executor-thread-12315#
Step "Bind Service to Application" finished#
#2026 03 31 15:42:03.467#Z#DEBUG#1ed22708-2d18-11f1-af94-eeee0a833986.OPERATION#flowable-async-job-executor-thread-17142#
[CheckServiceBindingOperationStep] Executing task "checkForServiceBindingOperationInProgress" of process "2a1cee57-2d18-11f1-b2b3-eeee0a9e5b0b"...#
#2026 03 31 15:42:03.468#Z#DEBUG#1ed22708-2d18-11f1-af94-eeee0a833986.OPERATION#flowable-async-job-executor-thread-17142#
[CheckServiceBindingOperationStep] Checking for service binding operation in progress between app "bookshop-srv" and service instance "bookshop-db"#
#2026 03 31 15:42:03.468#Z#DEBUG#1ed22708-2d18-11f1-af94-eeee0a833986.OPERATION#flowable-async-job-executor-thread-17142#
[CheckServiceBindingOperationStep] Getting application guid "bookshop-srv"...#
#2026 03 31 15:42:03.515#Z#DEBUG#1ed22708-2d18-11f1-af94-eeee0a833986.OPERATION#flowable-async-job-executor-thread-17142#
[CheckServiceBindingOperationStep] Getting GUID of required service instance "bookshop-db"...#
#2026 03 31 15:42:03.553#Z#DEBUG#1ed22708-2d18-11f1-af94-eeee0a833986.OPERATION#flowable-async-job-executor-thread-17142#
[CheckServiceBindingOperationStep] Getting binding of service instance "ca3a442b-a036-407b-8392-880eed4738ad" with application "ade25197-05ca-403e-b6bf-51a3acf27001"...#
#2026 03 31 15:42:03.586#Z#DEBUG#1ed22708-2d18-11f1-af94-eeee0a833986.OPERATION#flowable-async-job-executor-thread-17142#
Step "Check For Service Binding Operation In Progress" finished#
#2026 03 31 15:42:03.641#Z#DEBUG#1ed22708-2d18-11f1-af94-eeee0a833986.OPERATION#flowable-async-job-executor-thread-12253#
[ProcessDescriptorStep] Executing task "reprocessDescriptorTask" of process "2a341fe4-2d18-11f1-8c51-eeee0a84f5cf"...#
#2026 03 31 15:42:03.641#Z#DEBUG#1ed22708-2d18-11f1-af94-eeee0a833986.OPERATION#flowable-async-job-executor-thread-12253#
[ProcessDescriptorStep] Resolving properties and parameters in merged descriptor...#
#2026 03 31 15:42:03.644#Z#DEBUG#1ed22708-2d18-11f1-af94-eeee0a833986.OPERATION#flowable-async-job-executor-thread-12253#
[ProcessDescriptorStep] Subscriptions: [ ]#
#2026 03 31 15:42:03.649#Z#DEBUG#1ed22708-2d18-11f1-af94-eeee0a833986.OPERATION#flowable-async-job-executor-thread-12253#
[ProcessDescriptorStep] MTA modules: [bookshop-app-deployer, bookshop-db-deployer, bookshop-destinations, bookshop-srv]#
#2026 03 31 15:42:03.652#Z#DEBUG#1ed22708-2d18-11f1-af94-eeee0a833986.OPERATION#flowable-async-job-executor-thread-12253#
[ProcessDescriptorStep] Resolved deployment descriptor: {
  "majorSchemaVersion" : 3,
  "schemaVersion" : "3.3.0",
  "id" : "bookshop",
  "version" : "1.0.0",
  "modules" : [ {
    "majorSchemaVersion" : 3,
    "name" : "bookshop-srv",
    "type" : "javascript.nodejs",
    "path" : "bookshop-srv",
    "properties" : { },
    "parameters" : {
      "default-url" : "https://821f3512trial-dev-bookshop-srv.cfapps.us10-001.hana.ondemand.com",
      "default-app-name" : "bookshop-srv",
      "generated-password" : "********",
      "default-live-url" : "https://821f3512trial-dev-bookshop-srv.cfapps.us10-001.hana.ondemand.com",
      "default-uri" : "821f3512trial-dev-bookshop-srv.cfapps.us10-001.hana.ondemand.com",
      "default-instances" : 1,
      "default-live-host" : "821f3512trial-dev-bookshop-srv",
      "instances" : 1,
      "buildpack" : "nodejs_buildpack",
      "default-host" : "821f3512trial-dev-bookshop-srv",
      "app-name" : "bookshop-srv",
      "default-live-uri" : "821f3512trial-dev-bookshop-srv.cfapps.us10-001.hana.ondemand.com",
      "protocol" : "https",
      "default-live-app-name" : "bookshop-srv",
      "default-live-domain" : "cfapps.us10-001.hana.ondemand.com",
      "domain" : "cfapps.us10-001.hana.ondemand.com",
      "host" : "821f3512trial-dev-bookshop-srv",
      "generated-user" : "********"
    },
    "requiredDependencies" : [ {
      "majorSchemaVersion" : 3,
      "name" : "********",
      "properties" : { },
      "parameters" : { },
      "propertiesMetadata" : {
        "metadata" : { }
      },
      "parametersMetadata" : {
        "metadata" : { }
      }
    }, {
      "majorSchemaVersion" : 3,
      "name" : "bookshop-db",
      "properties" : { },
      "parameters" : { },
      "propertiesMetadata" : {
        "metadata" : { }
      },
      "parametersMetadata" : {
        "metadata" : { }
      }
    }, {
      "majorSchemaVersion" : 3,
      "name" : "bookshop-destination",
      "properties" : { },
      "parameters" : { },
      "propertiesMetadata" : {
        "metadata" : { }
      },
      "parametersMetadata" : {
        "metadata" : { }
      }
    } ],
    "providedDependencies" : [ {
      "majorSchemaVersion" : 3,
      "name" : "srv-api",
      "isPublic" : false,
      "properties" : {
        "srv-url" : "https://821f3512trial-dev-bookshop-srv.cfapps.us10-001.hana.ondemand.com"
      },
      "parameters" : { },
      "propertiesMetadata" : {
        "metadata" : { }
      },
      "parametersMetadata" : {
        "metadata" : { }
      }
    }, {
      "majorSchemaVersion" : 3,
      "name" : "bookshop-srv",
      "isPublic" : false,
      "properties" : { },
      "parameters" : { },
      "propertiesMetadata" : {
        "metadata" : { }
      },
      "parametersMetadata" : {
        "metadata" : { }
      }
    } ],
    "propertiesMetadata" : {
      "metadata" : { }
    },
    "parametersMetadata" : {
      "metadata" : { }
    },
    "hooks" : [ ]
  }, {
    "majorSchemaVersion" : 3,
    "name" : "bookshop-db-deployer",
    "type" : "com.sap.xs.hdi",
    "path" : "bookshop-db-deployer",
    "properties" : {
      "EXIT" : 1
    },
    "parameters" : {
      "default-url" : "https://821f3512trial-dev-bookshop-db-deployer.cfapps.us10-001.hana.ondemand.com",
      "default-app-name" : "bookshop-db-deployer",
      "generated-password" : "********",
      "default-live-url" : "https://821f3512trial-dev-bookshop-db-deployer.cfapps.us10-001.hana.ondemand.com",
      "default-uri" : "821f3512trial-dev-bookshop-db-deployer.cfapps.us10-001.hana.ondemand.com",
      "memory" : "256M",
      "default-instances" : 1,
      "no-route" : true,
      "default-live-host" : "821f3512trial-dev-bookshop-db-deployer",
      "instances" : 1,
      "buildpack" : "nodejs_buildpack",
      "default-host" : "821f3512trial-dev-bookshop-db-deployer",
      "app-name" : "bookshop-db-deployer",
      "default-live-uri" : "821f3512trial-dev-bookshop-db-deployer.cfapps.us10-001.hana.ondemand.com",
      "protocol" : "https",
      "default-live-app-name" : "bookshop-db-deployer",
      "default-live-domain" : "cfapps.us10-001.hana.ondemand.com",
      "dependency-type" : "hard",
      "domain" : "cfapps.us10-001.hana.ondemand.com",
      "host" : "821f3512trial-dev-bookshop-db-deployer",
      "generated-user" : "********",
      "tasks" : [ {
        "command" : "npm start",
        "memory" : "256M",
        "name" : "deploy"
      } ],
      "no-start" : true
    },
    "requiredDependencies" : [ {
      "majorSchemaVersion" : 3,
      "name" : "bookshop-db",
      "properties" : { },
      "parameters" : { },
      "propertiesMetadata" : {
        "metadata" : { }
      },
      "parametersMetadata" : {
        "metadata" : { }
      }
    } ],
    "providedDependencies" : [ {
      "majorSchemaVersion" : 3,
      "name" : "bookshop-db-deployer",
      "isPublic" : false,
      "properties" : { },
      "parameters" : { },
      "propertiesMetadata" : {
        "metadata" : { }
      },
      "parametersMetadata" : {
        "metadata" : { }
      }
    } ],
    "propertiesMetadata" : {
      "metadata" : { }
    },
    "parametersMetadata" : {
      "metadata" : { }
    },
    "hooks" : [ ]
  }, {
    "majorSchemaVersion" : 3,
    "name" : "bookshop-app-deployer",
    "type" : "com.sap.application.content",
    "path" : "bookshop-app-deployer",
    "properties" : { },
    "parameters" : {
      "default-url" : "https://821f3512trial-dev-bookshop-app-deployer.cfapps.us10-001.hana.ondemand.com",
      "default-app-name" : "bookshop-app-deployer",
      "generated-password" : "********",
      "default-live-url" : "https://821f3512trial-dev-bookshop-app-deployer.cfapps.us10-001.hana.ondemand.com",
      "default-uri" : "821f3512trial-dev-bookshop-app-deployer.cfapps.us10-001.hana.ondemand.com",
      "default-instances" : 1,
      "default-live-host" : "821f3512trial-dev-bookshop-app-deployer",
      "instances" : 1,
      "default-host" : "821f3512trial-dev-bookshop-app-deployer",
      "app-name" : "bookshop-app-deployer",
      "default-live-uri" : "821f3512trial-dev-bookshop-app-deployer.cfapps.us10-001.hana.ondemand.com",
      "protocol" : "https",
      "default-live-app-name" : "bookshop-app-deployer",
      "default-live-domain" : "cfapps.us10-001.hana.ondemand.com",
      "domain" : "cfapps.us10-001.hana.ondemand.com",
      "host" : "821f3512trial-dev-bookshop-app-deployer",
      "generated-user" : "********"
    },
    "requiredDependencies" : [ {
      "majorSchemaVersion" : 3,
      "name" : "********",
      "properties" : { },
      "parameters" : { },
      "propertiesMetadata" : {
        "metadata" : { }
      },
      "parametersMetadata" : {
        "metadata" : { }
      }
    }, {
      "majorSchemaVersion" : 3,
      "name" : "srv-api",
      "properties" : { },
      "parameters" : { },
      "propertiesMetadata" : {
        "metadata" : { }
      },
      "parametersMetadata" : {
        "metadata" : { }
      }
    }, {
      "majorSchemaVersion" : 3,
      "name" : "bookshop-html5-repo-host",
      "properties" : { },
      "parameters" : {
        "config" : {
          "HTML5Runtime_enabled" : true
        },
        "content-target" : true
      },
      "propertiesMetadata" : {
        "metadata" : { }
      },
      "parametersMetadata" : {
        "metadata" : { }
      }
    } ],
    "providedDependencies" : [ {
      "majorSchemaVersion" : 3,
      "name" : "bookshop-app-deployer",
      "isPublic" : false,
      "properties" : { },
      "parameters" : { },
      "propertiesMetadata" : {
        "metadata" : { }
      },
      "parametersMetadata" : {
        "metadata" : { }
      }
    } ],
    "propertiesMetadata" : {
      "metadata" : { }
    },
    "parametersMetadata" : {
      "metadata" : { }
    },
    "hooks" : [ ]
  }, {
    "majorSchemaVersion" : 3,
    "name" : "bookshop-destinations",
    "type" : "com.sap.application.content",
    "properties" : { },
    "parameters" : {
      "default-url" : "https://821f3512trial-dev-bookshop-destinations.cfapps.us10-001.hana.ondemand.com",
      "default-app-name" : "bookshop-destinations",
      "generated-password" : "********",
      "default-live-url" : "https://821f3512trial-dev-bookshop-destinations.cfapps.us10-001.hana.ondemand.com",
      "default-uri" : "821f3512trial-dev-bookshop-destinations.cfapps.us10-001.hana.ondemand.com",
      "default-instances" : 1,
      "default-live-host" : "821f3512trial-dev-bookshop-destinations",
      "instances" : 1,
      "default-host" : "821f3512trial-dev-bookshop-destinations",
      "content" : {
        "instance" : {
          "destinations" : [ {
            "Name" : "bookshop-html5-repository",
            "ServiceInstanceName" : "bookshop-html5-repo-host",
            "ServiceKeyName" : "********",
            "sap.cloud.service" : "bookshop.service"
          }, {
            "Authentication" : "********",
            "Name" : "********",
            "ServiceInstanceName" : "********",
            "ServiceKeyName" : "********",
            "sap.cloud.service" : "bookshop.service"
          } ],
          "existing_destinations_policy" : "update"
        }
      },
      "app-name" : "bookshop-destinations",
      "default-live-uri" : "821f3512trial-dev-bookshop-destinations.cfapps.us10-001.hana.ondemand.com",
      "protocol" : "https",
      "default-live-app-name" : "bookshop-destinations",
      "default-live-domain" : "cfapps.us10-001.hana.ondemand.com",
      "domain" : "cfapps.us10-001.hana.ondemand.com",
      "host" : "821f3512trial-dev-bookshop-destinations",
      "generated-user" : "********"
    },
    "requiredDependencies" : [ {
      "majorSchemaVersion" : 3,
      "name" : "********",
      "properties" : { },
      "parameters" : {
        "service-key" : "********"
      },
      "propertiesMetadata" : {
        "metadata" : { }
      },
      "parametersMetadata" : {
        "metadata" : { }
      }
    }, {
      "majorSchemaVersion" : 3,
      "name" : "bookshop-html5-repo-host",
      "properties" : { },
      "parameters" : {
        "service-key" : "********"
      },
      "propertiesMetadata" : {
        "metadata" : { }
      },
      "parametersMetadata" : {
        "metadata" : { }
      }
    }, {
      "majorSchemaVersion" : 3,
      "name" : "srv-api",
      "properties" : { },
      "parameters" : { },
      "propertiesMetadata" : {
        "metadata" : { }
      },
      "parametersMetadata" : {
        "metadata" : { }
      }
    }, {
      "majorSchemaVersion" : 3,
      "name" : "bookshop-destination",
      "properties" : { },
      "parameters" : {
        "content-target" : true
      },
      "propertiesMetadata" : {
        "metadata" : { }
      },
      "parametersMetadata" : {
        "metadata" : { }
      }
    } ],
    "providedDependencies" : [ {
      "majorSchemaVersion" : 3,
      "name" : "bookshop-destinations",
      "isPublic" : false,
      "properties" : { },
      "parameters" : { },
      "propertiesMetadata" : {
        "metadata" : { }
      },
      "parametersMetadata" : {
        "metadata" : { }
      }
    } ],
    "propertiesMetadata" : {
      "metadata" : { }
    },
    "parametersMetadata" : {
      "metadata" : { }
    },
    "hooks" : [ ]
  } ],
  "resources" : [ {
    "majorSchemaVersion" : 3,
    "name" : "********",
    "type" : "org.cloudfoundry.managed-service",
    "properties" : { },
    "parameters" : {
      "generated-password" : "********",
      "path" : "./xs-security.json",
      "service-name" : "********",
      "service-plan" : "application",
      "service" : "xsuaa",
      "generated-user" : "********",
      "default-xsappname" : "********",
      "type" : "managed-service",
      "config" : {
        "oauth2-configuration" : "********",
        "role-collections" : [ {
          "description" : "generated",
          "name" : "admin (bookshop 821f3512trial-dev)",
          "role-template-references" : [ "$XSAPPNAME.admin" ]
        } ],
        "tenant-mode" : "dedicated",
        "xsappname" : "bookshop-821f3512trial-dev"
      },
      "default-service-name" : "********",
      "default-container-name" : "********"
    },
    "isActive" : true,
    "isOptional" : false,
    "propertiesMetadata" : {
      "metadata" : { }
    },
    "parametersMetadata" : {
      "metadata" : { }
    },
    "requiredDependencies" : [ ],
    "processedAfter" : [ ]
  }, {
    "majorSchemaVersion" : 3,
    "name" : "bookshop-db",
    "type" : "com.sap.xs.hdi-container",
    "properties" : { },
    "parameters" : {
      "generated-password" : "********",
      "service-name" : "bookshop-db",
      "service-plan" : "hdi-shared",
      "service" : "hana",
      "generated-user" : "********",
      "default-xsappname" : "bookshop-db",
      "type" : "managed-service",
      "default-service-name" : "bookshop-db",
      "default-container-name" : "821F3512TRIAL_DEV_BOOKSHOP_DB"
    },
    "isActive" : true,
    "isOptional" : false,
    "propertiesMetadata" : {
      "metadata" : { }
    },
    "parametersMetadata" : {
      "metadata" : { }
    },
    "requiredDependencies" : [ ],
    "processedAfter" : [ ]
  }, {
    "majorSchemaVersion" : 3,
    "name" : "bookshop-destination",
    "type" : "org.cloudfoundry.managed-service",
    "properties" : { },
    "parameters" : {
      "generated-password" : "********",
      "service-name" : "bookshop-destination",
      "service-plan" : "lite",
      "service" : "destination",
      "generated-user" : "********",
      "default-xsappname" : "bookshop-destination",
      "type" : "managed-service",
      "config" : {
        "HTML5Runtime_enabled" : true,
        "init_data" : {
          "instance" : {
            "destinations" : [ {
              "Authentication" : "********",
              "HTML5.DynamicDestination" : true,
              "HTML5.ForwardAuthToken" : "********",
              "Name" : "srv-api",
              "ProxyType" : "Internet",
              "Type" : "HTTP",
              "URL" : "https://821f3512trial-dev-bookshop-srv.cfapps.us10-001.hana.ondemand.com"
            } ],
            "existing_destinations_policy" : "update"
          }
        }
      },
      "default-service-name" : "bookshop-destination",
      "default-container-name" : "821F3512TRIAL_DEV_BOOKSHOP_DESTINATION"
    },
    "isActive" : true,
    "isOptional" : false,
    "propertiesMetadata" : {
      "metadata" : { }
    },
    "parametersMetadata" : {
      "metadata" : { }
    },
    "requiredDependencies" : [ {
      "majorSchemaVersion" : 3,
      "name" : "srv-api",
      "properties" : { },
      "parameters" : { },
      "propertiesMetadata" : {
        "metadata" : { }
      },
      "parametersMetadata" : {
        "metadata" : { }
      }
    } ],
    "processedAfter" : [ ]
  }, {
    "majorSchemaVersion" : 3,
    "name" : "bookshop-html5-repo-host",
    "type" : "org.cloudfoundry.managed-service",
    "properties" : { },
    "parameters" : {
      "generated-password" : "********",
      "service-name" : "bookshop-html5-repo-host",
      "service-plan" : "app-host",
      "service" : "html5-apps-repo",
      "generated-user" : "********",
      "default-xsappname" : "bookshop-html5-repo-host",
      "type" : "managed-service",
      "default-service-name" : "bookshop-html5-repo-host",
      "default-container-name" : "821F3512TRIAL_DEV_BOOKSHOP_HTML5_REPO_HOST"
    },
    "isActive" : true,
    "isOptional" : false,
    "propertiesMetadata" : {
      "metadata" : { }
    },
    "parametersMetadata" : {
      "metadata" : { }
    },
    "requiredDependencies" : [ ],
    "processedAfter" : [ ]
  } ],
  "parameters" : {
    "deploy_mode" : "html5-repo",
    "mta-id" : "bookshop",
    "authorization-url" : "********",
    "org-guid" : "551af7f5-285c-406e-9bc9-4c4f3fc185dc",
    "org" : "821f3512trial",
    "deploy-target" : "821f3512trial dev",
    "enable-parallel-deployments" : true,
    "region-primary-domain" : "us10.hana.ondemand.com",
    "space" : "dev",
    "region-domain" : "us10-001.hana.ondemand.com",
    "xs-api-url" : "https://api.cf.us10-001.hana.ondemand.com",
    "deploy-url" : "deploy-service.cfapps.us10-001.hana.ondemand.com",
    "xs-type" : "CF",
    "default-domain" : "cfapps.us10-001.hana.ondemand.com",
    "mta-version" : "1.0.0",
    "xs-auth-url" : "********",
    "space-guid" : "dde0ff71-25ef-43e9-98a4-025614d66c41",
    "user" : "********",
    "controller-url" : "https://api.cf.us10-001.hana.ondemand.com",
    "timestamp" : "20260331154144"
  },
  "parametersMetadata" : {
    "metadata" : { }
  }
}#
#2026 03 31 15:42:03.652#Z#DEBUG#1ed22708-2d18-11f1-af94-eeee0a833986.OPERATION#flowable-async-job-executor-thread-12253#
[ProcessDescriptorStep] Merged descriptor properties and parameters resolved#
#2026 03 31 15:42:03.652#Z#DEBUG#1ed22708-2d18-11f1-af94-eeee0a833986.OPERATION#flowable-async-job-executor-thread-12253#
Step "Re-Process Descriptor Step" finished#
#2026 03 31 15:42:03.608#Z#DEBUG#1ed22708-2d18-11f1-af94-eeee0a833986.OPERATION#flowable-async-job-executor-thread-17142#
[DetermineApplicationServiceBindingActionsStep] Executing task "determineApplicationServiceBindingActionsTask" of process "2a1cee57-2d18-11f1-b2b3-eeee0a9e5b0b"...#
#2026 03 31 15:42:03.609#Z#DEBUG#1ed22708-2d18-11f1-af94-eeee0a833986.OPERATION#flowable-async-job-executor-thread-17142#
[DetermineApplicationServiceBindingActionsStep] Determine bind/unbind operations of application "bookshop-srv" to service instance "bookshop-db"#
#2026 03 31 15:42:03.609#Z#DEBUG#1ed22708-2d18-11f1-af94-eeee0a833986.OPERATION#flowable-async-job-executor-thread-17142#
[DetermineApplicationServiceBindingActionsStep] Getting application "bookshop-srv"...#
#2026 03 31 15:42:03.655#Z#DEBUG#1ed22708-2d18-11f1-af94-eeee0a833986.OPERATION#flowable-async-job-executor-thread-17142#
[DetermineApplicationServiceBindingActionsStep] Binding parameters for application "bookshop-srv": { }#
#2026 03 31 15:42:03.684#Z#DEBUG#1ed22708-2d18-11f1-af94-eeee0a833986.OPERATION#flowable-async-job-executor-thread-17142#
[DetermineApplicationServiceBindingActionsStep] Calculated binding operations between application "bookshop-srv" and service instance "bookshop-db": unbind - false bind - true#
#2026 03 31 15:42:03.684#Z#DEBUG#1ed22708-2d18-11f1-af94-eeee0a833986.OPERATION#flowable-async-job-executor-thread-17142#
Step "Determine Application Service Binding Actions" finished#
#2026 03 31 15:42:03.682#Z#DEBUG#1ed22708-2d18-11f1-af94-eeee0a833986.OPERATION#flowable-async-job-executor-thread-12254#
[BuildApplicationDeployModelStep] Executing task "buildApplicationDeployModelTask" of process "2a341fe4-2d18-11f1-8c51-eeee0a84f5cf"...#
#2026 03 31 15:42:03.685#Z#DEBUG#1ed22708-2d18-11f1-af94-eeee0a833986.OPERATION#flowable-async-job-executor-thread-12254#
[BuildApplicationDeployModelStep] Building cloud deployment model for application "bookshop-db-deployer"...#
#2026 03 31 15:42:03.689#Z#DEBUG#1ed22708-2d18-11f1-af94-eeee0a833986.OPERATION#flowable-async-job-executor-thread-12254#
[BuildApplicationDeployModelStep] No health-check-type is specified. Setting default type: port#
#2026 03 31 15:42:03.689#Z#INFO#1ed22708-2d18-11f1-af94-eeee0a833986.OPERATION#flowable-async-job-executor-thread-12254#
[BuildApplicationDeployModelStep] Building configuration entries for org 821f3512trial, space dev, spaceId dde0ff71-25ef-43e9-98a4-025614d66c41 and namespace null!#
#2026 03 31 15:42:03.690#Z#DEBUG#1ed22708-2d18-11f1-af94-eeee0a833986.OPERATION#flowable-async-job-executor-thread-12254#
[BuildApplicationDeployModelStep] Configuration entries to publish: [ ]#
#2026 03 31 15:42:03.690#Z#DEBUG#1ed22708-2d18-11f1-af94-eeee0a833986.OPERATION#flowable-async-job-executor-thread-12254#
[BuildApplicationDeployModelStep] Cloud deployment model for application built#
#2026 03 31 15:42:03.690#Z#DEBUG#1ed22708-2d18-11f1-af94-eeee0a833986.OPERATION#flowable-async-job-executor-thread-12254#
Step "Build Application Deploy Model" finished#
#2026 03 31 15:42:03.603#Z#DEBUG#1ed22708-2d18-11f1-af94-eeee0a833986.OPERATION#flowable-async-job-executor-thread-12252#
[CheckServiceBindingOperationStep] Executing task "checkForServiceBindingOperationInProgress" of process "2a327298-2d18-11f1-8c51-eeee0a84f5cf"...#
#2026 03 31 15:42:03.604#Z#DEBUG#1ed22708-2d18-11f1-af94-eeee0a833986.OPERATION#flowable-async-job-executor-thread-12252#
[CheckServiceBindingOperationStep] Checking for service binding operation in progress between app "bookshop-srv" and service instance "bookshop-destination"#
#2026 03 31 15:42:03.604#Z#DEBUG#1ed22708-2d18-11f1-af94-eeee0a833986.OPERATION#flowable-async-job-executor-thread-12252#
[CheckServiceBindingOperationStep] Getting application guid "bookshop-srv"...#
#2026 03 31 15:42:03.654#Z#DEBUG#1ed22708-2d18-11f1-af94-eeee0a833986.OPERATION#flowable-async-job-executor-thread-12252#
[CheckServiceBindingOperationStep] Getting GUID of required service instance "bookshop-destination"...#
#2026 03 31 15:42:03.681#Z#DEBUG#1ed22708-2d18-11f1-af94-eeee0a833986.OPERATION#flowable-async-job-executor-thread-12252#
[CheckServiceBindingOperationStep] Getting binding of service instance "2145ce43-6352-461b-b5f0-7e32af20da9c" with application "ade25197-05ca-403e-b6bf-51a3acf27001"...#
#2026 03 31 15:42:03.712#Z#DEBUG#1ed22708-2d18-11f1-af94-eeee0a833986.OPERATION#flowable-async-job-executor-thread-12252#
Step "Check For Service Binding Operation In Progress" finished#
#2026 03 31 15:42:03.738#Z#DEBUG#1ed22708-2d18-11f1-af94-eeee0a833986.OPERATION#flowable-async-job-executor-thread-12252#
[DetermineApplicationServiceBindingActionsStep] Executing task "determineApplicationServiceBindingActionsTask" of process "2a327298-2d18-11f1-8c51-eeee0a84f5cf"...#
#2026 03 31 15:42:03.740#Z#DEBUG#1ed22708-2d18-11f1-af94-eeee0a833986.OPERATION#flowable-async-job-executor-thread-12252#
[DetermineApplicationServiceBindingActionsStep] Determine bind/unbind operations of application "bookshop-srv" to service instance "bookshop-destination"#
#2026 03 31 15:42:03.740#Z#DEBUG#1ed22708-2d18-11f1-af94-eeee0a833986.OPERATION#flowable-async-job-executor-thread-12252#
[DetermineApplicationServiceBindingActionsStep] Getting application "bookshop-srv"...#
#2026 03 31 15:42:03.784#Z#DEBUG#1ed22708-2d18-11f1-af94-eeee0a833986.OPERATION#flowable-async-job-executor-thread-12252#
[DetermineApplicationServiceBindingActionsStep] Binding parameters for application "bookshop-srv": { }#
#2026 03 31 15:42:03.818#Z#DEBUG#1ed22708-2d18-11f1-af94-eeee0a833986.OPERATION#flowable-async-job-executor-thread-12252#
[DetermineApplicationServiceBindingActionsStep] Calculated binding operations between application "bookshop-srv" and service instance "bookshop-destination": unbind - false bind - true#
#2026 03 31 15:42:03.818#Z#DEBUG#1ed22708-2d18-11f1-af94-eeee0a833986.OPERATION#flowable-async-job-executor-thread-12252#
Step "Determine Application Service Binding Actions" finished#
#2026 03 31 15:42:03.709#Z#DEBUG#1ed22708-2d18-11f1-af94-eeee0a833986.OPERATION#flowable-async-job-executor-thread-17142#
[BindServiceToApplicationStep] Executing task "bindServiceToApplicationTask" of process "2a1cee57-2d18-11f1-b2b3-eeee0a9e5b0b"...#
#2026 03 31 15:42:03.710#Z#INFO#1ed22708-2d18-11f1-af94-eeee0a833986.OPERATION#flowable-async-job-executor-thread-17142#
[BindServiceToApplicationStep] Binding service instance "bookshop-db" to application "bookshop-srv"...#
#2026 03 31 15:42:03.715#Z#DEBUG#1ed22708-2d18-11f1-af94-eeee0a833986.OPERATION#flowable-async-job-executor-thread-17142#
[BindServiceToApplicationStep] Binding service instance "bookshop-db" to application "bookshop-srv" with parameters: { }#
#2026 03 31 15:42:03.870#Z#DEBUG#1ed22708-2d18-11f1-af94-eeee0a833986.OPERATION#flowable-async-job-executor-thread-17142#
Step "Bind Service to Application" finished#
#2026 03 31 15:42:03.850#Z#DEBUG#1ed22708-2d18-11f1-af94-eeee0a833986.OPERATION#flowable-async-job-executor-thread-12252#
[BindServiceToApplicationStep] Executing task "bindServiceToApplicationTask" of process "2a327298-2d18-11f1-8c51-eeee0a84f5cf"...#
#2026 03 31 15:42:03.852#Z#INFO#1ed22708-2d18-11f1-af94-eeee0a833986.OPERATION#flowable-async-job-executor-thread-12252#
[BindServiceToApplicationStep] Binding service instance "bookshop-destination" to application "bookshop-srv"...#
#2026 03 31 15:42:03.857#Z#DEBUG#1ed22708-2d18-11f1-af94-eeee0a833986.OPERATION#flowable-async-job-executor-thread-12252#
[BindServiceToApplicationStep] Binding service instance "bookshop-destination" to application "bookshop-srv" with parameters: { }#
#2026 03 31 15:42:04.007#Z#DEBUG#1ed22708-2d18-11f1-af94-eeee0a833986.OPERATION#flowable-async-job-executor-thread-12252#
Step "Bind Service to Application" finished#
#2026 03 31 15:42:03.727#Z#DEBUG#1ed22708-2d18-11f1-af94-eeee0a833986.OPERATION#flowable-async-job-executor-thread-12248#
[CreateOrUpdateAppStep] Executing task "createAppTask" of process "2a341fe4-2d18-11f1-8c51-eeee0a84f5cf"...#
#2026 03 31 15:42:03.729#Z#DEBUG#1ed22708-2d18-11f1-af94-eeee0a833986.OPERATION#flowable-async-job-executor-thread-12248#
[CreateOrUpdateAppStep] Getting application "bookshop-db-deployer"...#
#2026 03 31 15:42:03.769#Z#INFO#1ed22708-2d18-11f1-af94-eeee0a833986.OPERATION#flowable-async-job-executor-thread-12248#
[CreateOrUpdateAppStep] Creating application "bookshop-db-deployer" from MTA module "bookshop-db-deployer"...#
#2026 03 31 15:42:03.774#Z#DEBUG#1ed22708-2d18-11f1-af94-eeee0a833986.OPERATION#flowable-async-job-executor-thread-12248#
[CreateOrUpdateAppStep] Creating application "bookshop-db-deployer" with disk "null" memory "256", URIs "" and staging: "{
  "isReadinessHealthCheckEnabled" : true,
  "buildpacks" : [ "nodejs_buildpack" ],
  "healthCheckType" : "port",
  "appFeatures" : { }
}"#
#2026 03 31 15:42:04.044#Z#DEBUG#1ed22708-2d18-11f1-af94-eeee0a833986.OPERATION#flowable-async-job-executor-thread-12248#
[CreateOrUpdateAppStep] Application "bookshop-db-deployer" created#
#2026 03 31 15:42:04.044#Z#DEBUG#1ed22708-2d18-11f1-af94-eeee0a833986.OPERATION#flowable-async-job-executor-thread-12248#
Step "Create App" finished#
#2026 03 31 15:42:04.132#Z#DEBUG#1ed22708-2d18-11f1-af94-eeee0a833986.OPERATION#flowable-async-job-executor-thread-12249#
[CheckServiceBindingOperationStep] Executing task "checkForServiceBindingOperationInProgress" of process "2a8378cf-2d18-11f1-8c51-eeee0a84f5cf"...#
#2026 03 31 15:42:04.132#Z#DEBUG#1ed22708-2d18-11f1-af94-eeee0a833986.OPERATION#flowable-async-job-executor-thread-12249#
[CheckServiceBindingOperationStep] Checking for service binding operation in progress between app "bookshop-db-deployer" and service instance "bookshop-db"#
#2026 03 31 15:42:04.132#Z#DEBUG#1ed22708-2d18-11f1-af94-eeee0a833986.OPERATION#flowable-async-job-executor-thread-12249#
[CheckServiceBindingOperationStep] Getting application guid "bookshop-db-deployer"...#
#2026 03 31 15:42:04.180#Z#DEBUG#1ed22708-2d18-11f1-af94-eeee0a833986.OPERATION#flowable-async-job-executor-thread-12249#
[CheckServiceBindingOperationStep] Getting GUID of required service instance "bookshop-db"...#
#2026 03 31 15:42:04.210#Z#DEBUG#1ed22708-2d18-11f1-af94-eeee0a833986.OPERATION#flowable-async-job-executor-thread-12249#
[CheckServiceBindingOperationStep] Getting binding of service instance "ca3a442b-a036-407b-8392-880eed4738ad" with application "53dc3913-db40-46f4-b21e-a09b19d6dc6c"...#
#2026 03 31 15:42:04.234#Z#DEBUG#1ed22708-2d18-11f1-af94-eeee0a833986.OPERATION#flowable-async-job-executor-thread-12249#
Step "Check For Service Binding Operation In Progress" finished#
#2026 03 31 15:42:04.262#Z#DEBUG#1ed22708-2d18-11f1-af94-eeee0a833986.OPERATION#flowable-async-job-executor-thread-12249#
[DetermineApplicationServiceBindingActionsStep] Executing task "determineApplicationServiceBindingActionsTask" of process "2a8378cf-2d18-11f1-8c51-eeee0a84f5cf"...#
#2026 03 31 15:42:04.263#Z#DEBUG#1ed22708-2d18-11f1-af94-eeee0a833986.OPERATION#flowable-async-job-executor-thread-12249#
[DetermineApplicationServiceBindingActionsStep] Determine bind/unbind operations of application "bookshop-db-deployer" to service instance "bookshop-db"#
#2026 03 31 15:42:04.263#Z#DEBUG#1ed22708-2d18-11f1-af94-eeee0a833986.OPERATION#flowable-async-job-executor-thread-12249#
[DetermineApplicationServiceBindingActionsStep] Getting application "bookshop-db-deployer"...#
#2026 03 31 15:42:04.310#Z#DEBUG#1ed22708-2d18-11f1-af94-eeee0a833986.OPERATION#flowable-async-job-executor-thread-12249#
[DetermineApplicationServiceBindingActionsStep] Binding parameters for application "bookshop-db-deployer": { }#
#2026 03 31 15:42:04.331#Z#DEBUG#1ed22708-2d18-11f1-af94-eeee0a833986.OPERATION#flowable-async-job-executor-thread-12249#
[DetermineApplicationServiceBindingActionsStep] Calculated binding operations between application "bookshop-db-deployer" and service instance "bookshop-db": unbind - false bind - true#
#2026 03 31 15:42:04.331#Z#DEBUG#1ed22708-2d18-11f1-af94-eeee0a833986.OPERATION#flowable-async-job-executor-thread-12249#
Step "Determine Application Service Binding Actions" finished#
#2026 03 31 15:42:04.364#Z#DEBUG#1ed22708-2d18-11f1-af94-eeee0a833986.OPERATION#flowable-async-job-executor-thread-12249#
[BindServiceToApplicationStep] Executing task "bindServiceToApplicationTask" of process "2a8378cf-2d18-11f1-8c51-eeee0a84f5cf"...#
#2026 03 31 15:42:04.365#Z#INFO#1ed22708-2d18-11f1-af94-eeee0a833986.OPERATION#flowable-async-job-executor-thread-12249#
[BindServiceToApplicationStep] Binding service instance "bookshop-db" to application "bookshop-db-deployer"...#
#2026 03 31 15:42:04.371#Z#DEBUG#1ed22708-2d18-11f1-af94-eeee0a833986.OPERATION#flowable-async-job-executor-thread-12249#
[BindServiceToApplicationStep] Binding service instance "bookshop-db" to application "bookshop-db-deployer" with parameters: { }#
#2026 03 31 15:42:04.521#Z#DEBUG#1ed22708-2d18-11f1-af94-eeee0a833986.OPERATION#flowable-async-job-executor-thread-12249#
Step "Bind Service to Application" finished#
#2026 03 31 15:42:03.476#Z#DEBUG#1ed22708-2d18-11f1-af94-eeee0a833986.OPERATION#flowable-async-job-executor-thread-17144#
[BuildContentDeploymentConfigurationStep] Executing task "buildContentDeploymentConfigurationTask" of process "2a1d1603-2d18-11f1-b2b3-eeee0a9e5b0b"...#
#2026 03 31 15:42:03.479#Z#DEBUG#1ed22708-2d18-11f1-af94-eeee0a833986.OPERATION#ForkJoinPool-438-worker-1#
[BuildContentDeploymentConfigurationStep] Getting service key "bookshop-app-deployer-bookshop-auth-credentials" for service instance "bookshop-auth"...#
#2026 03 31 15:42:03.479#Z#DEBUG#1ed22708-2d18-11f1-af94-eeee0a833986.OPERATION#ForkJoinPool-438-worker-2#
[BuildContentDeploymentConfigurationStep] Getting service key "bookshop-app-deployer-bookshop-html5-repo-host-credentials" for service instance "bookshop-html5-repo-host"...#
#2026 03 31 15:42:03.652#Z#INFO#1ed22708-2d18-11f1-af94-eeee0a833986.OPERATION#ForkJoinPool-438-worker-1#
[BuildContentDeploymentConfigurationStep] Creating service key "bookshop-app-deployer-bookshop-auth-credentials" for service instance "bookshop-auth"...#
#2026 03 31 15:42:03.655#Z#DEBUG#1ed22708-2d18-11f1-af94-eeee0a833986.OPERATION#ForkJoinPool-438-worker-1#
[BuildContentDeploymentConfigurationStep] Creating service key "bookshop-app-deployer-bookshop-auth-credentials" for service instance "bookshop-auth" with parameters: { }#
#2026 03 31 15:42:03.659#Z#INFO#1ed22708-2d18-11f1-af94-eeee0a833986.OPERATION#ForkJoinPool-438-worker-2#
[BuildContentDeploymentConfigurationStep] Creating service key "bookshop-app-deployer-bookshop-html5-repo-host-credentials" for service instance "bookshop-html5-repo-host"...#
#2026 03 31 15:42:03.662#Z#DEBUG#1ed22708-2d18-11f1-af94-eeee0a833986.OPERATION#ForkJoinPool-438-worker-2#
[BuildContentDeploymentConfigurationStep] Creating service key "bookshop-app-deployer-bookshop-html5-repo-host-credentials" for service instance "bookshop-html5-repo-host" with parameters: {
  "service_key_type" : "********"
}#
#2026 03 31 15:42:07.054#Z#DEBUG#1ed22708-2d18-11f1-af94-eeee0a833986.OPERATION#ForkJoinPool-438-worker-2#
[BuildContentDeploymentConfigurationStep] Service key "bookshop-app-deployer-bookshop-html5-repo-host-credentials" created#
#2026 03 31 15:42:07.060#Z#DEBUG#1ed22708-2d18-11f1-af94-eeee0a833986.OPERATION#ForkJoinPool-438-worker-1#
[BuildContentDeploymentConfigurationStep] Service key "bookshop-app-deployer-bookshop-auth-credentials" created#
#2026 03 31 15:42:07.061#Z#DEBUG#1ed22708-2d18-11f1-af94-eeee0a833986.OPERATION#flowable-async-job-executor-thread-17144#
Step "Build Content Deployment Configuration" finished#
#2026 03 31 15:42:07.063#Z#DEBUG#1ed22708-2d18-11f1-af94-eeee0a833986.OPERATION#flowable-async-job-executor-thread-17144#
[CreateContentDeployClientConfigurationStep] Executing task "createContentDeployClientConfigurationTask" of process "2c48a7c6-2d18-11f1-b2b3-eeee0a9e5b0b"...#
#2026 03 31 15:42:07.063#Z#DEBUG#1ed22708-2d18-11f1-af94-eeee0a833986.OPERATION#flowable-async-job-executor-thread-17144#
[CreateContentDeployClientConfigurationStep] Content deployer client configuration: {
  "contentDeployerUrl" : "https://html5-apps-repo-dt.cfapps.us10.hana.ondemand.com",
  "uaaClientConfiguration" : {
    "url" : "********",
    "credentials" : "********",
    "authenticationStrategyType" : "********"
  },
  "httpRequestHeaders" : {
    "X-CorrelationID" : "1ed22708-2d18-11f1-af94-eeee0a833986"
  },
  "spaceId" : "dde0ff71-25ef-43e9-98a4-025614d66c41",
  "serviceName" : "bookshop-html5-repo-host"
}#
#2026 03 31 15:42:07.235#Z#DEBUG#1ed22708-2d18-11f1-af94-eeee0a833986.OPERATION#flowable-async-job-executor-thread-17144#
Step "Create Content Deploy Client Configuration" finished#
#2026 03 31 15:42:07.237#Z#DEBUG#1ed22708-2d18-11f1-af94-eeee0a833986.OPERATION#flowable-async-job-executor-thread-17144#
[GetContentFromDeploymentDescriptorStep] Executing task "getContentFromDeploymentDescriptorTask" of process "2c48a7c6-2d18-11f1-b2b3-eeee0a9e5b0b"...#
#2026 03 31 15:42:07.237#Z#DEBUG#1ed22708-2d18-11f1-af94-eeee0a833986.OPERATION#flowable-async-job-executor-thread-17144#
Step "Get Content From Deployment Descriptor" finished#
#2026 03 31 15:42:03.932#Z#DEBUG#1ed22708-2d18-11f1-af94-eeee0a833986.OPERATION#flowable-async-job-executor-thread-12313#
[BuildContentDeploymentConfigurationStep] Executing task "buildContentDeploymentConfigurationTask" of process "2a5f4f33-2d18-11f1-af94-eeee0a833986"...#
#2026 03 31 15:42:03.937#Z#DEBUG#1ed22708-2d18-11f1-af94-eeee0a833986.OPERATION#ForkJoinPool-224-worker-1#
[BuildContentDeploymentConfigurationStep] Getting service key "bookshop-auth-key" for service instance "bookshop-auth"...#
#2026 03 31 15:42:03.938#Z#DEBUG#1ed22708-2d18-11f1-af94-eeee0a833986.OPERATION#ForkJoinPool-224-worker-3#
[BuildContentDeploymentConfigurationStep] Getting service key "bookshop-destinations-bookshop-destination-credentials" for service instance "bookshop-destination"...#
#2026 03 31 15:42:03.938#Z#DEBUG#1ed22708-2d18-11f1-af94-eeee0a833986.OPERATION#ForkJoinPool-224-worker-2#
[BuildContentDeploymentConfigurationStep] Getting service key "bookshop-html5-repo-host-key" for service instance "bookshop-html5-repo-host"...#
#2026 03 31 15:42:04.098#Z#INFO#1ed22708-2d18-11f1-af94-eeee0a833986.OPERATION#ForkJoinPool-224-worker-3#
[BuildContentDeploymentConfigurationStep] Creating service key "bookshop-destinations-bookshop-destination-credentials" for service instance "bookshop-destination"...#
#2026 03 31 15:42:04.100#Z#INFO#1ed22708-2d18-11f1-af94-eeee0a833986.OPERATION#ForkJoinPool-224-worker-2#
[BuildContentDeploymentConfigurationStep] Creating service key "bookshop-html5-repo-host-key" for service instance "bookshop-html5-repo-host"...#
#2026 03 31 15:42:04.104#Z#INFO#1ed22708-2d18-11f1-af94-eeee0a833986.OPERATION#ForkJoinPool-224-worker-1#
[BuildContentDeploymentConfigurationStep] Creating service key "bookshop-auth-key" for service instance "bookshop-auth"...#
#2026 03 31 15:42:04.106#Z#DEBUG#1ed22708-2d18-11f1-af94-eeee0a833986.OPERATION#ForkJoinPool-224-worker-3#
[BuildContentDeploymentConfigurationStep] Creating service key "bookshop-destinations-bookshop-destination-credentials" for service instance "bookshop-destination" with parameters: {
  "service_key_type" : "********"
}#
#2026 03 31 15:42:04.108#Z#DEBUG#1ed22708-2d18-11f1-af94-eeee0a833986.OPERATION#ForkJoinPool-224-worker-2#
[BuildContentDeploymentConfigurationStep] Creating service key "bookshop-html5-repo-host-key" for service instance "bookshop-html5-repo-host" with parameters: { }#
#2026 03 31 15:42:04.110#Z#DEBUG#1ed22708-2d18-11f1-af94-eeee0a833986.OPERATION#ForkJoinPool-224-worker-1#
[BuildContentDeploymentConfigurationStep] Creating service key "bookshop-auth-key" for service instance "bookshop-auth" with parameters: { }#
#2026 03 31 15:42:07.470#Z#DEBUG#1ed22708-2d18-11f1-af94-eeee0a833986.OPERATION#ForkJoinPool-224-worker-3#
[BuildContentDeploymentConfigurationStep] Service key "bookshop-destinations-bookshop-destination-credentials" created#
#2026 03 31 15:42:07.479#Z#DEBUG#1ed22708-2d18-11f1-af94-eeee0a833986.OPERATION#ForkJoinPool-224-worker-2#
[BuildContentDeploymentConfigurationStep] Service key "bookshop-html5-repo-host-key" created#
#2026 03 31 15:42:07.489#Z#DEBUG#1ed22708-2d18-11f1-af94-eeee0a833986.OPERATION#ForkJoinPool-224-worker-1#
[BuildContentDeploymentConfigurationStep] Service key "bookshop-auth-key" created#
#2026 03 31 15:42:07.490#Z#DEBUG#1ed22708-2d18-11f1-af94-eeee0a833986.OPERATION#flowable-async-job-executor-thread-12313#
Step "Build Content Deployment Configuration" finished#
#2026 03 31 15:42:07.494#Z#DEBUG#1ed22708-2d18-11f1-af94-eeee0a833986.OPERATION#flowable-async-job-executor-thread-12313#
[CreateContentDeployClientConfigurationStep] Executing task "createContentDeployClientConfigurationTask" of process "2c8a6ba9-2d18-11f1-af94-eeee0a833986"...#
#2026 03 31 15:42:07.495#Z#DEBUG#1ed22708-2d18-11f1-af94-eeee0a833986.OPERATION#flowable-async-job-executor-thread-12313#
[CreateContentDeployClientConfigurationStep] Content deployer client configuration: {
  "contentDeployerUrl" : "https://destination-configuration.cfapps.us10.hana.ondemand.com/destination-configuration/gacd",
  "uaaClientConfiguration" : {
    "url" : "********",
    "credentials" : "********",
    "authenticationStrategyType" : "********"
  },
  "httpRequestHeaders" : {
    "X-CorrelationID" : "1ed22708-2d18-11f1-af94-eeee0a833986"
  },
  "spaceId" : "dde0ff71-25ef-43e9-98a4-025614d66c41",
  "serviceName" : "bookshop-destination"
}#
#2026 03 31 15:42:07.640#Z#DEBUG#1ed22708-2d18-11f1-af94-eeee0a833986.OPERATION#flowable-async-job-executor-thread-12313#
Step "Create Content Deploy Client Configuration" finished#
#2026 03 31 15:42:07.641#Z#DEBUG#1ed22708-2d18-11f1-af94-eeee0a833986.OPERATION#flowable-async-job-executor-thread-12313#
[GetContentFromDeploymentDescriptorStep] Executing task "getContentFromDeploymentDescriptorTask" of process "2c8a6ba9-2d18-11f1-af94-eeee0a833986"...#
#2026 03 31 15:42:07.641#Z#DEBUG#1ed22708-2d18-11f1-af94-eeee0a833986.OPERATION#flowable-async-job-executor-thread-12313#
[GetContentFromDeploymentDescriptorStep] Content for module: "bookshop-destinations" is: "{
  "id" : "f5d3a8b2-8edc-46b6-ae94-188c0ed5706d",
  "contentType" : "EMBEDDED",
  "content" : {
    "instance" : {
      "destinations" : [ {
        "Name" : "bookshop-html5-repository",
        "ServiceInstanceName" : "bookshop-html5-repo-host",
        "ServiceKeyName" : "********",
        "sap.cloud.service" : "bookshop.service"
      }, {
        "Authentication" : "********",
        "Name" : "********",
        "ServiceInstanceName" : "********",
        "ServiceKeyName" : "********",
        "sap.cloud.service" : "bookshop.service"
      } ],
      "existing_destinations_policy" : "update"
    }
  }
}"#
#2026 03 31 15:42:07.642#Z#DEBUG#1ed22708-2d18-11f1-af94-eeee0a833986.OPERATION#flowable-async-job-executor-thread-12313#
Step "Get Content From Deployment Descriptor" finished#
#2026 03 31 15:42:07.643#Z#DEBUG#1ed22708-2d18-11f1-af94-eeee0a833986.OPERATION#flowable-async-job-executor-thread-12313#
[SynchronousContentDeployStep] Executing task "synchronousContentDeployTask" of process "2c8a6ba9-2d18-11f1-af94-eeee0a833986"...#
#2026 03 31 15:42:07.643#Z#INFO#1ed22708-2d18-11f1-af94-eeee0a833986.OPERATION#flowable-async-job-executor-thread-12313#
[SynchronousContentDeployStep] Deploying content module "bookshop-destinations" in target service "bookshop-destination"...#
#2026 03 31 15:42:07.797#Z#DEBUG#1ed22708-2d18-11f1-af94-eeee0a833986.OPERATION#flowable-async-job-executor-thread-12313#
[SynchronousContentDeployStep] Processing inline content upload for module: bookshop-destinations#
#2026 03 31 15:42:08.107#Z#DEBUG#1ed22708-2d18-11f1-af94-eeee0a833986.OPERATION#flowable-async-job-executor-thread-12313#
Step "Synchronous Deploy" finished#
#2026 03 31 15:42:07.238#Z#DEBUG#1ed22708-2d18-11f1-af94-eeee0a833986.OPERATION#flowable-async-job-executor-thread-17144#
[UploadContentStep] Executing task "uploadContentTask" of process "2c48a7c6-2d18-11f1-b2b3-eeee0a9e5b0b"...#
#2026 03 31 15:42:07.238#Z#INFO#1ed22708-2d18-11f1-af94-eeee0a833986.OPERATION#flowable-async-job-executor-thread-17144#
[UploadContentStep] Uploading content module "bookshop-app-deployer" in target service "bookshop-html5-repo-host"...#
#2026 03 31 15:42:07.243#Z#DEBUG#1ed22708-2d18-11f1-af94-eeee0a833986.OPERATION#flowable-async-job-executor-thread-17144#
[UploadContentStep] Uploading file "bookshop-app-deployer/app/data.zip" for content module "bookshop-app-deployer" in service "bookshop-html5-repo-host"#
#2026 03 31 15:42:07.491#Z#INFO#1ed22708-2d18-11f1-af94-eeee0a833986.OPERATION#flowable-async-job-executor-thread-17144#
[UploadContentStep] Content to deploy size: 11,150 in bytes#
#2026 03 31 15:42:08.306#Z#DEBUG#1ed22708-2d18-11f1-af94-eeee0a833986.OPERATION#flowable-async-job-executor-thread-17144#
[UploadContentStep] Uploaded content: {
  "id" : "becf9220-88d6-428a-8a3b-74fc9bc6d0da",
  "name" : "content.zip",
  "contentType" : "FILE"
}#
#2026 03 31 15:42:08.306#Z#DEBUG#1ed22708-2d18-11f1-af94-eeee0a833986.OPERATION#flowable-async-job-executor-thread-17144#
Step "Upload Content" finished#
#2026 03 31 15:42:08.307#Z#DEBUG#1ed22708-2d18-11f1-af94-eeee0a833986.OPERATION#flowable-async-job-executor-thread-17144#
[StartContentDeployStep] Executing task "startContentDeployTask" of process "2c48a7c6-2d18-11f1-b2b3-eeee0a9e5b0b"...#
#2026 03 31 15:42:08.308#Z#INFO#1ed22708-2d18-11f1-af94-eeee0a833986.OPERATION#flowable-async-job-executor-thread-17144#
[StartContentDeployStep] Deploying content module "bookshop-app-deployer" in target service "bookshop-html5-repo-host"...#
#2026 03 31 15:42:08.580#Z#DEBUG#1ed22708-2d18-11f1-af94-eeee0a833986.OPERATION#flowable-async-job-executor-thread-17144#
Step "Start Content Deploy" finished#
#2026 03 31 15:42:09.717#Z#DEBUG#1ed22708-2d18-11f1-af94-eeee0a833986.OPERATION#flowable-async-job-executor-thread-17152#
[BindServiceToApplicationStep] Executing task "bindServiceToApplicationTask" of process "2a1cee57-2d18-11f1-b2b3-eeee0a9e5b0b"...#
#2026 03 31 15:42:09.717#Z#DEBUG#1ed22708-2d18-11f1-af94-eeee0a833986.OPERATION#flowable-async-job-executor-thread-17153#
[BindServiceToApplicationStep] Executing task "bindServiceToApplicationTask" of process "293881b8-2d18-11f1-af94-eeee0a833986"...#
#2026 03 31 15:42:09.718#Z#DEBUG#1ed22708-2d18-11f1-af94-eeee0a833986.OPERATION#flowable-async-job-executor-thread-17152#
[BindServiceToApplicationStep] Getting async job "b6940ffe-7b03-4e6d-9729-4c08f3fe07d2"#
#2026 03 31 15:42:09.718#Z#DEBUG#1ed22708-2d18-11f1-af94-eeee0a833986.OPERATION#flowable-async-job-executor-thread-17153#
[BindServiceToApplicationStep] Getting async job "7e17cd18-3dac-482e-b9c0-9c0324ec12eb"#
#2026 03 31 15:42:09.719#Z#DEBUG#1ed22708-2d18-11f1-af94-eeee0a833986.OPERATION#flowable-async-job-executor-thread-17150#
[BindServiceToApplicationStep] Executing task "bindServiceToApplicationTask" of process "2a327298-2d18-11f1-8c51-eeee0a84f5cf"...#
#2026 03 31 15:42:09.720#Z#DEBUG#1ed22708-2d18-11f1-af94-eeee0a833986.OPERATION#flowable-async-job-executor-thread-17150#
[BindServiceToApplicationStep] Getting async job "b7aea09d-6984-4cbe-829f-6d245338c4cd"#
#2026 03 31 15:42:09.734#Z#DEBUG#1ed22708-2d18-11f1-af94-eeee0a833986.OPERATION#flowable-async-job-executor-thread-17154#
[BindServiceToApplicationStep] Executing task "bindServiceToApplicationTask" of process "2a8378cf-2d18-11f1-8c51-eeee0a84f5cf"...#
#2026 03 31 15:42:09.735#Z#DEBUG#1ed22708-2d18-11f1-af94-eeee0a833986.OPERATION#flowable-async-job-executor-thread-17154#
[BindServiceToApplicationStep] Getting async job "2993d5cb-a447-452b-8894-a447c6327d8a"#
#2026 03 31 15:42:09.748#Z#DEBUG#1ed22708-2d18-11f1-af94-eeee0a833986.OPERATION#flowable-async-job-executor-thread-17153#
[BindServiceToApplicationStep] Getting service instance "bookshop-auth"...#
#2026 03 31 15:42:09.751#Z#DEBUG#1ed22708-2d18-11f1-af94-eeee0a833986.OPERATION#flowable-async-job-executor-thread-17152#
[BindServiceToApplicationStep] Getting service instance "bookshop-db"...#
#2026 03 31 15:42:09.757#Z#DEBUG#1ed22708-2d18-11f1-af94-eeee0a833986.OPERATION#flowable-async-job-executor-thread-17150#
[BindServiceToApplicationStep] Getting service instance "bookshop-destination"...#
#2026 03 31 15:42:09.761#Z#DEBUG#1ed22708-2d18-11f1-af94-eeee0a833986.OPERATION#flowable-async-job-executor-thread-17154#
[BindServiceToApplicationStep] Getting service instance "bookshop-db"...#
#2026 03 31 15:42:09.871#Z#DEBUG#1ed22708-2d18-11f1-af94-eeee0a833986.OPERATION#flowable-async-job-executor-thread-17152#
[BindServiceToApplicationStep] Async operation of service binding "b6940ffe-7b03-4e6d-9729-4c08f3fe07d2" is in state "POLLING" warnings ""#
#2026 03 31 15:42:09.871#Z#DEBUG#1ed22708-2d18-11f1-af94-eeee0a833986.OPERATION#flowable-async-job-executor-thread-17152#
Step "Bind Service to Application" finished#
#2026 03 31 15:42:09.875#Z#DEBUG#1ed22708-2d18-11f1-af94-eeee0a833986.OPERATION#flowable-async-job-executor-thread-17153#
[BindServiceToApplicationStep] Async service binding operation with id "7e17cd18-3dac-482e-b9c0-9c0324ec12eb" finished#
#2026 03 31 15:42:09.875#Z#DEBUG#1ed22708-2d18-11f1-af94-eeee0a833986.OPERATION#flowable-async-job-executor-thread-17153#
Step "Bind Service to Application" finished#
#2026 03 31 15:42:09.883#Z#DEBUG#1ed22708-2d18-11f1-af94-eeee0a833986.OPERATION#flowable-async-job-executor-thread-17154#
[BindServiceToApplicationStep] Async operation of service binding "2993d5cb-a447-452b-8894-a447c6327d8a" is in state "POLLING" warnings ""#
#2026 03 31 15:42:09.883#Z#DEBUG#1ed22708-2d18-11f1-af94-eeee0a833986.OPERATION#flowable-async-job-executor-thread-17154#
Step "Bind Service to Application" finished#
#2026 03 31 15:42:09.883#Z#DEBUG#1ed22708-2d18-11f1-af94-eeee0a833986.OPERATION#flowable-async-job-executor-thread-17150#
[BindServiceToApplicationStep] Async service binding operation with id "b7aea09d-6984-4cbe-829f-6d245338c4cd" finished#
#2026 03 31 15:42:09.883#Z#DEBUG#1ed22708-2d18-11f1-af94-eeee0a833986.OPERATION#flowable-async-job-executor-thread-17150#
Step "Bind Service to Application" finished#
#2026 03 31 15:42:19.746#Z#DEBUG#1ed22708-2d18-11f1-af94-eeee0a833986.OPERATION#flowable-async-job-executor-thread-17157#
[BindServiceToApplicationStep] Executing task "bindServiceToApplicationTask" of process "2a1cee57-2d18-11f1-b2b3-eeee0a9e5b0b"...#
#2026 03 31 15:42:19.748#Z#DEBUG#1ed22708-2d18-11f1-af94-eeee0a833986.OPERATION#flowable-async-job-executor-thread-17157#
[BindServiceToApplicationStep] Getting async job "b6940ffe-7b03-4e6d-9729-4c08f3fe07d2"#
#2026 03 31 15:42:19.766#Z#DEBUG#1ed22708-2d18-11f1-af94-eeee0a833986.OPERATION#flowable-async-job-executor-thread-17161#
[BindServiceToApplicationStep] Executing task "bindServiceToApplicationTask" of process "2a8378cf-2d18-11f1-8c51-eeee0a84f5cf"...#
#2026 03 31 15:42:19.767#Z#DEBUG#1ed22708-2d18-11f1-af94-eeee0a833986.OPERATION#flowable-async-job-executor-thread-17161#
[BindServiceToApplicationStep] Getting async job "2993d5cb-a447-452b-8894-a447c6327d8a"#
#2026 03 31 15:42:19.779#Z#DEBUG#1ed22708-2d18-11f1-af94-eeee0a833986.OPERATION#flowable-async-job-executor-thread-17157#
[BindServiceToApplicationStep] Getting service instance "bookshop-db"...#
#2026 03 31 15:42:19.801#Z#DEBUG#1ed22708-2d18-11f1-af94-eeee0a833986.OPERATION#flowable-async-job-executor-thread-17161#
[BindServiceToApplicationStep] Getting service instance "bookshop-db"...#
#2026 03 31 15:42:19.910#Z#DEBUG#1ed22708-2d18-11f1-af94-eeee0a833986.OPERATION#flowable-async-job-executor-thread-17157#
[BindServiceToApplicationStep] Async service binding operation with id "b6940ffe-7b03-4e6d-9729-4c08f3fe07d2" finished#
#2026 03 31 15:42:19.910#Z#DEBUG#1ed22708-2d18-11f1-af94-eeee0a833986.OPERATION#flowable-async-job-executor-thread-17157#
Step "Bind Service to Application" finished#
#2026 03 31 15:42:19.917#Z#DEBUG#1ed22708-2d18-11f1-af94-eeee0a833986.OPERATION#flowable-async-job-executor-thread-17161#
[BindServiceToApplicationStep] Async service binding operation with id "2993d5cb-a447-452b-8894-a447c6327d8a" finished#
#2026 03 31 15:42:19.918#Z#DEBUG#1ed22708-2d18-11f1-af94-eeee0a833986.OPERATION#flowable-async-job-executor-thread-17161#
Step "Bind Service to Application" finished#
#2026 03 31 15:42:19.980#Z#DEBUG#1ed22708-2d18-11f1-af94-eeee0a833986.OPERATION#flowable-async-job-executor-thread-17157#
[DetermineVcapServicesPropertiesChangedStep] Executing task "determineVcapServicesPropertiesChangedTask" of process "33f70dd3-2d18-11f1-b2b3-eeee0a9e5b0b"...#
#2026 03 31 15:42:19.981#Z#DEBUG#1ed22708-2d18-11f1-af94-eeee0a833986.OPERATION#flowable-async-job-executor-thread-17161#
[DetermineVcapServicesPropertiesChangedStep] Executing task "determineVcapServicesPropertiesChangedTask" of process "33f75bf7-2d18-11f1-b2b3-eeee0a9e5b0b"...#
#2026 03 31 15:42:19.981#Z#DEBUG#1ed22708-2d18-11f1-af94-eeee0a833986.OPERATION#flowable-async-job-executor-thread-17157#
[DetermineVcapServicesPropertiesChangedStep] VCAP_SERVICES properties for application "bookshop-srv" changed: true#
#2026 03 31 15:42:19.981#Z#DEBUG#1ed22708-2d18-11f1-af94-eeee0a833986.OPERATION#flowable-async-job-executor-thread-17157#
Step "Determine vcap services properties changed" finished#
#2026 03 31 15:42:19.982#Z#DEBUG#1ed22708-2d18-11f1-af94-eeee0a833986.OPERATION#flowable-async-job-executor-thread-17161#
[DetermineVcapServicesPropertiesChangedStep] VCAP_SERVICES properties for application "bookshop-db-deployer" changed: true#
#2026 03 31 15:42:19.982#Z#DEBUG#1ed22708-2d18-11f1-af94-eeee0a833986.OPERATION#flowable-async-job-executor-thread-17161#
Step "Determine vcap services properties changed" finished#
#2026 03 31 15:42:20.002#Z#DEBUG#1ed22708-2d18-11f1-af94-eeee0a833986.OPERATION#flowable-async-job-executor-thread-17161#
[UploadAppStep] Executing task "uploadAppTask" of process "33f75bf7-2d18-11f1-b2b3-eeee0a9e5b0b"...#
#2026 03 31 15:42:20.004#Z#DEBUG#1ed22708-2d18-11f1-af94-eeee0a833986.OPERATION#flowable-async-job-executor-thread-17157#
[UploadAppStep] Executing task "uploadAppTask" of process "33f70dd3-2d18-11f1-b2b3-eeee0a9e5b0b"...#
#2026 03 31 15:42:20.004#Z#DEBUG#1ed22708-2d18-11f1-af94-eeee0a833986.OPERATION#flowable-async-job-executor-thread-17161#
[UploadAppStep] Application upload timeout is default one: 3,600 seconds#
#2026 03 31 15:42:20.004#Z#INFO#1ed22708-2d18-11f1-af94-eeee0a833986.OPERATION#flowable-async-job-executor-thread-17161#
[UploadAppStep] Uploading application "bookshop-db-deployer"...#
#2026 03 31 15:42:20.005#Z#DEBUG#1ed22708-2d18-11f1-af94-eeee0a833986.OPERATION#flowable-async-job-executor-thread-17157#
[UploadAppStep] Application upload timeout is default one: 3,600 seconds#
#2026 03 31 15:42:20.005#Z#INFO#1ed22708-2d18-11f1-af94-eeee0a833986.OPERATION#flowable-async-job-executor-thread-17157#
[UploadAppStep] Uploading application "bookshop-srv"...#
#2026 03 31 15:42:20.010#Z#DEBUG#1ed22708-2d18-11f1-af94-eeee0a833986.OPERATION#flowable-async-job-executor-thread-17161#
[UploadAppStep] Getting application "bookshop-db-deployer"...#
#2026 03 31 15:42:20.012#Z#DEBUG#1ed22708-2d18-11f1-af94-eeee0a833986.OPERATION#flowable-async-job-executor-thread-17157#
[UploadAppStep] Getting application "bookshop-srv"...#
#2026 03 31 15:42:20.057#Z#DEBUG#1ed22708-2d18-11f1-af94-eeee0a833986.OPERATION#flowable-async-job-executor-thread-17161#
[UploadAppStep] Getting environment of application "53dc3913-db40-46f4-b21e-a09b19d6dc6c"...#
#2026 03 31 15:42:20.062#Z#DEBUG#1ed22708-2d18-11f1-af94-eeee0a833986.OPERATION#flowable-async-job-executor-thread-17157#
[UploadAppStep] Getting environment of application "ade25197-05ca-403e-b6bf-51a3acf27001"...#
#2026 03 31 15:42:20.098#Z#INFO#1ed22708-2d18-11f1-af94-eeee0a833986.OPERATION#flowable-async-job-executor-thread-17161#
[UploadAppStep] Calculating application digest: "bookshop-db-deployer"#
#2026 03 31 15:42:20.102#Z#INFO#1ed22708-2d18-11f1-af94-eeee0a833986.OPERATION#flowable-async-job-executor-thread-17157#
[UploadAppStep] Calculating application digest: "bookshop-srv"#
#2026 03 31 15:42:20.244#Z#DEBUG#1ed22708-2d18-11f1-af94-eeee0a833986.OPERATION#flowable-async-job-executor-thread-17161#
Step "Upload App" finished#
#2026 03 31 15:42:19.755#Z#DEBUG#1ed22708-2d18-11f1-af94-eeee0a833986.OPERATION#flowable-async-job-executor-thread-17159#
[StartContentDeployStep] Executing task "startContentDeployTask" of process "2c48a7c6-2d18-11f1-b2b3-eeee0a9e5b0b"...#
#2026 03 31 15:42:19.756#Z#DEBUG#1ed22708-2d18-11f1-af94-eeee0a833986.OPERATION#flowable-async-job-executor-thread-17159#
[StartContentDeployStep] Checking status of module content deployment "bookshop-app-deployer" in service "bookshop-html5-repo-host"...#
#2026 03 31 15:42:20.292#Z#DEBUG#1ed22708-2d18-11f1-af94-eeee0a833986.OPERATION#flowable-async-job-executor-thread-17159#
[StartContentDeployStep] Deleting content deployment resource "becf9220-88d6-428a-8a3b-74fc9bc6d0da"...#
#2026 03 31 15:42:20.330#Z#DEBUG#1ed22708-2d18-11f1-af94-eeee0a833986.OPERATION#flowable-async-job-executor-thread-17159#
Step "Start Content Deploy" finished#
#2026 03 31 15:42:20.601#Z#DEBUG#1ed22708-2d18-11f1-af94-eeee0a833986.OPERATION#flowable-async-job-executor-thread-17157#
Step "Upload App" finished#
#2026 03 31 15:42:29.794#Z#DEBUG#1ed22708-2d18-11f1-af94-eeee0a833986.OPERATION#flowable-async-job-executor-thread-17157#
[UploadAppStep] Executing task "uploadAppTask" of process "33f70dd3-2d18-11f1-b2b3-eeee0a9e5b0b"...#
#2026 03 31 15:42:29.795#Z#DEBUG#1ed22708-2d18-11f1-af94-eeee0a833986.OPERATION#flowable-async-job-executor-thread-17157#
[UploadAppStep] Application upload timeout is default one: 3,600 seconds#
#2026 03 31 15:42:29.796#Z#DEBUG#1ed22708-2d18-11f1-af94-eeee0a833986.OPERATION#pool-21-thread-5#
[UploadAppStep] Upload of application: bookshop-srv started on instance: 0#
#2026 03 31 15:42:29.797#Z#DEBUG#1ed22708-2d18-11f1-af94-eeee0a833986.OPERATION#pool-21-thread-5#
[UploadAppStep] Uploading file "bookshop-srv/data.zip" for application "bookshop-srv"#
#2026 03 31 15:42:29.814#Z#DEBUG#1ed22708-2d18-11f1-af94-eeee0a833986.OPERATION#flowable-async-job-executor-thread-17163#
[UploadAppStep] Executing task "uploadAppTask" of process "33f75bf7-2d18-11f1-b2b3-eeee0a9e5b0b"...#
#2026 03 31 15:42:29.815#Z#DEBUG#1ed22708-2d18-11f1-af94-eeee0a833986.OPERATION#flowable-async-job-executor-thread-17163#
[UploadAppStep] Application upload timeout is default one: 3,600 seconds#
#2026 03 31 15:42:29.816#Z#DEBUG#1ed22708-2d18-11f1-af94-eeee0a833986.OPERATION#pool-21-thread-1#
[UploadAppStep] Upload of application: bookshop-db-deployer started on instance: 0#
#2026 03 31 15:42:29.816#Z#DEBUG#1ed22708-2d18-11f1-af94-eeee0a833986.OPERATION#pool-21-thread-1#
[UploadAppStep] Uploading file "bookshop-db-deployer/data.zip" for application "bookshop-db-deployer"#
#2026 03 31 15:42:29.934#Z#INFO#1ed22708-2d18-11f1-af94-eeee0a833986.OPERATION#pool-21-thread-1#
[UploadAppStep] Time elapsed for app binary download: 116 in millis#
#2026 03 31 15:42:29.934#Z#INFO#1ed22708-2d18-11f1-af94-eeee0a833986.OPERATION#pool-21-thread-1#
[UploadAppStep] Size of app bookshop-db-deployer is 2,810,286 bytes#
#2026 03 31 15:42:29.934#Z#DEBUG#1ed22708-2d18-11f1-af94-eeee0a833986.OPERATION#pool-21-thread-1#
[UploadAppStep] Asynchronously uploading binaries for application "bookshop-db-deployer"...#
#2026 03 31 15:42:30.165#Z#INFO#1ed22708-2d18-11f1-af94-eeee0a833986.OPERATION#pool-21-thread-1#
[UploadAppStep] Started async upload of application "bookshop-db-deployer"#
#2026 03 31 15:42:30.169#Z#INFO#1ed22708-2d18-11f1-af94-eeee0a833986.OPERATION#flowable-async-job-executor-thread-17163#
[UploadAppStep] Time elapsed for upload: 353 in millis#
#2026 03 31 15:42:30.169#Z#DEBUG#1ed22708-2d18-11f1-af94-eeee0a833986.OPERATION#flowable-async-job-executor-thread-17163#
[UploadAppStep] Getting application "bookshop-db-deployer"...#
#2026 03 31 15:42:30.195#Z#DEBUG#1ed22708-2d18-11f1-af94-eeee0a833986.OPERATION#App upload monitor: 9bdcfe1b-22fb-4d6e-b189-2810cf3a3484#
[UploadAppStep] Upload status: PROCESSING_UPLOAD#
#2026 03 31 15:42:30.217#Z#DEBUG#1ed22708-2d18-11f1-af94-eeee0a833986.OPERATION#flowable-async-job-executor-thread-17163#
[UploadAppStep] Getting environment of application "53dc3913-db40-46f4-b21e-a09b19d6dc6c"...#
#2026 03 31 15:42:30.241#Z#INFO#1ed22708-2d18-11f1-af94-eeee0a833986.OPERATION#pool-21-thread-5#
[UploadAppStep] Time elapsed for app binary download: 444 in millis#
#2026 03 31 15:42:30.241#Z#INFO#1ed22708-2d18-11f1-af94-eeee0a833986.OPERATION#pool-21-thread-5#
[UploadAppStep] Size of app bookshop-srv is 41,322,629 bytes#
#2026 03 31 15:42:30.241#Z#DEBUG#1ed22708-2d18-11f1-af94-eeee0a833986.OPERATION#pool-21-thread-5#
[UploadAppStep] Asynchronously uploading binaries for application "bookshop-srv"...#
#2026 03 31 15:42:30.253#Z#DEBUG#1ed22708-2d18-11f1-af94-eeee0a833986.OPERATION#flowable-async-job-executor-thread-17163#
[UploadAppStep] Updating environment of application "bookshop-db-deployer"#
#2026 03 31 15:42:30.349#Z#DEBUG#1ed22708-2d18-11f1-af94-eeee0a833986.OPERATION#flowable-async-job-executor-thread-17163#
Step "Upload App" finished#
#2026 03 31 15:42:30.691#Z#INFO#1ed22708-2d18-11f1-af94-eeee0a833986.OPERATION#pool-21-thread-5#
[UploadAppStep] Started async upload of application "bookshop-srv"#
#2026 03 31 15:42:30.703#Z#INFO#1ed22708-2d18-11f1-af94-eeee0a833986.OPERATION#flowable-async-job-executor-thread-17157#
[UploadAppStep] Time elapsed for upload: 908 in millis#
#2026 03 31 15:42:30.704#Z#DEBUG#1ed22708-2d18-11f1-af94-eeee0a833986.OPERATION#flowable-async-job-executor-thread-17157#
[UploadAppStep] Getting application "bookshop-srv"...#
#2026 03 31 15:42:30.723#Z#DEBUG#1ed22708-2d18-11f1-af94-eeee0a833986.OPERATION#App upload monitor: 672025c5-b87f-4cbf-8fca-61f88be9af9f#
[UploadAppStep] Upload status: PROCESSING_UPLOAD#
#2026 03 31 15:42:30.753#Z#DEBUG#1ed22708-2d18-11f1-af94-eeee0a833986.OPERATION#flowable-async-job-executor-thread-17157#
[UploadAppStep] Getting environment of application "ade25197-05ca-403e-b6bf-51a3acf27001"...#
#2026 03 31 15:42:30.794#Z#DEBUG#1ed22708-2d18-11f1-af94-eeee0a833986.OPERATION#flowable-async-job-executor-thread-17157#
[UploadAppStep] Updating environment of application "bookshop-srv"#
#2026 03 31 15:42:30.882#Z#DEBUG#1ed22708-2d18-11f1-af94-eeee0a833986.OPERATION#flowable-async-job-executor-thread-17157#
Step "Upload App" finished#
#2026 03 31 15:42:35.227#Z#DEBUG#1ed22708-2d18-11f1-af94-eeee0a833986.OPERATION#App upload monitor: 9bdcfe1b-22fb-4d6e-b189-2810cf3a3484#
[UploadAppStep] Upload status: READY#
#2026 03 31 15:42:35.767#Z#DEBUG#1ed22708-2d18-11f1-af94-eeee0a833986.OPERATION#App upload monitor: 672025c5-b87f-4cbf-8fca-61f88be9af9f#
[UploadAppStep] Upload status: PROCESSING_UPLOAD#
#2026 03 31 15:42:39.998#Z#DEBUG#1ed22708-2d18-11f1-af94-eeee0a833986.OPERATION#flowable-async-job-executor-thread-17172#
[UploadAppStep] Executing task "uploadAppTask" of process "33f75bf7-2d18-11f1-b2b3-eeee0a9e5b0b"...#
#2026 03 31 15:42:39.999#Z#DEBUG#1ed22708-2d18-11f1-af94-eeee0a833986.OPERATION#flowable-async-job-executor-thread-17172#
[UploadAppStep] Application upload timeout is default one: 3,600 seconds#
#2026 03 31 15:42:39.999#Z#DEBUG#1ed22708-2d18-11f1-af94-eeee0a833986.OPERATION#flowable-async-job-executor-thread-17172#
[UploadAppStep] Checking upload status of application "bookshop-db-deployer"...#
#2026 03 31 15:42:40.000#Z#DEBUG#1ed22708-2d18-11f1-af94-eeee0a833986.OPERATION#flowable-async-job-executor-thread-17168#
[UploadAppStep] Executing task "uploadAppTask" of process "33f70dd3-2d18-11f1-b2b3-eeee0a9e5b0b"...#
#2026 03 31 15:42:40.000#Z#DEBUG#1ed22708-2d18-11f1-af94-eeee0a833986.OPERATION#flowable-async-job-executor-thread-17172#
[UploadAppStep] Getting package "9bdcfe1b-22fb-4d6e-b189-2810cf3a3484"...#
#2026 03 31 15:42:40.001#Z#DEBUG#1ed22708-2d18-11f1-af94-eeee0a833986.OPERATION#flowable-async-job-executor-thread-17168#
[UploadAppStep] Application upload timeout is default one: 3,600 seconds#
#2026 03 31 15:42:40.001#Z#DEBUG#1ed22708-2d18-11f1-af94-eeee0a833986.OPERATION#flowable-async-job-executor-thread-17168#
[UploadAppStep] Checking upload status of application "bookshop-srv"...#
#2026 03 31 15:42:40.001#Z#DEBUG#1ed22708-2d18-11f1-af94-eeee0a833986.OPERATION#flowable-async-job-executor-thread-17168#
[UploadAppStep] Getting package "672025c5-b87f-4cbf-8fca-61f88be9af9f"...#
#2026 03 31 15:42:40.039#Z#DEBUG#1ed22708-2d18-11f1-af94-eeee0a833986.OPERATION#flowable-async-job-executor-thread-17168#
Step "Upload App" finished#
#2026 03 31 15:42:40.043#Z#DEBUG#1ed22708-2d18-11f1-af94-eeee0a833986.OPERATION#flowable-async-job-executor-thread-17172#
[UploadAppStep] Application "bookshop-db-deployer" uploaded#
#2026 03 31 15:42:40.044#Z#DEBUG#1ed22708-2d18-11f1-af94-eeee0a833986.OPERATION#flowable-async-job-executor-thread-17172#
Step "Upload App" finished#
#2026 03 31 15:42:40.086#Z#DEBUG#1ed22708-2d18-11f1-af94-eeee0a833986.OPERATION#flowable-async-job-executor-thread-17169#
[ScaleAppStep] Executing task "scaleAppTask" of process "33f75bf7-2d18-11f1-b2b3-eeee0a9e5b0b"...#
#2026 03 31 15:42:40.087#Z#DEBUG#1ed22708-2d18-11f1-af94-eeee0a833986.OPERATION#flowable-async-job-executor-thread-17169#
[ScaleAppStep] Scaling application "bookshop-db-deployer"...#
#2026 03 31 15:42:40.087#Z#DEBUG#1ed22708-2d18-11f1-af94-eeee0a833986.OPERATION#flowable-async-job-executor-thread-17169#
[ScaleAppStep] Application "bookshop-db-deployer" scaled#
#2026 03 31 15:42:40.087#Z#DEBUG#1ed22708-2d18-11f1-af94-eeee0a833986.OPERATION#flowable-async-job-executor-thread-17169#
Step "Scale App" finished#
#2026 03 31 15:42:40.107#Z#DEBUG#1ed22708-2d18-11f1-af94-eeee0a833986.OPERATION#flowable-async-job-executor-thread-17169#
[DetermineDesiredStateAchievingActionsStep] Executing task "determineDesiredStateAchievingActionsTask" of process "33f75bf7-2d18-11f1-b2b3-eeee0a9e5b0b"...#
#2026 03 31 15:42:40.109#Z#DEBUG#1ed22708-2d18-11f1-af94-eeee0a833986.OPERATION#flowable-async-job-executor-thread-17169#
[DetermineDesiredStateAchievingActionsStep] Getting application "bookshop-db-deployer"...#
#2026 03 31 15:42:40.152#Z#DEBUG#1ed22708-2d18-11f1-af94-eeee0a833986.OPERATION#flowable-async-job-executor-thread-17169#
[DetermineDesiredStateAchievingActionsStep] Getting instances for application "bookshop-db-deployer"...#
#2026 03 31 15:42:40.153#Z#DEBUG#1ed22708-2d18-11f1-af94-eeee0a833986.OPERATION#flowable-async-job-executor-thread-17169#
[DetermineDesiredStateAchievingActionsStep] Getting environment of application "53dc3913-db40-46f4-b21e-a09b19d6dc6c"...#
#2026 03 31 15:42:40.190#Z#DEBUG#1ed22708-2d18-11f1-af94-eeee0a833986.OPERATION#flowable-async-job-executor-thread-17169#
[DetermineDesiredStateAchievingActionsStep] Current state of application bookshop-db-deployer: STOPPED#
#2026 03 31 15:42:40.190#Z#DEBUG#1ed22708-2d18-11f1-af94-eeee0a833986.OPERATION#flowable-async-job-executor-thread-17169#
[DetermineDesiredStateAchievingActionsStep] Desired state of application bookshop-db-deployer: STOPPED#
#2026 03 31 15:42:40.190#Z#DEBUG#1ed22708-2d18-11f1-af94-eeee0a833986.OPERATION#flowable-async-job-executor-thread-17169#
[DetermineDesiredStateAchievingActionsStep] Actions that should be executed on application bookshop-db-deployer: [STAGE]#
#2026 03 31 15:42:40.190#Z#DEBUG#1ed22708-2d18-11f1-af94-eeee0a833986.OPERATION#flowable-async-job-executor-thread-17169#
Step "Determine Desired State Achieving Actions" finished#
#2026 03 31 15:42:40.220#Z#DEBUG#1ed22708-2d18-11f1-af94-eeee0a833986.OPERATION#flowable-async-job-executor-thread-17169#
[StageAppStep] Executing task "stageAppTask" of process "33f75bf7-2d18-11f1-b2b3-eeee0a9e5b0b"...#
#2026 03 31 15:42:40.222#Z#DEBUG#1ed22708-2d18-11f1-af94-eeee0a833986.OPERATION#flowable-async-job-executor-thread-17169#
[StageAppStep] Application stage timeout is default one: 3,600 seconds#
#2026 03 31 15:42:40.223#Z#INFO#1ed22708-2d18-11f1-af94-eeee0a833986.OPERATION#flowable-async-job-executor-thread-17169#
[StageAppStep] Staging application "bookshop-db-deployer"...#
#2026 03 31 15:42:40.227#Z#DEBUG#1ed22708-2d18-11f1-af94-eeee0a833986.OPERATION#flowable-async-job-executor-thread-17169#
[StageAppStep] Creating build for package "9bdcfe1b-22fb-4d6e-b189-2810cf3a3484"...#
#2026 03 31 15:42:40.667#Z#DEBUG#1ed22708-2d18-11f1-af94-eeee0a833986.OPERATION#flowable-async-job-executor-thread-17169#
Step "Stage App" finished#
#2026 03 31 15:42:40.797#Z#DEBUG#1ed22708-2d18-11f1-af94-eeee0a833986.OPERATION#App upload monitor: 672025c5-b87f-4cbf-8fca-61f88be9af9f#
[UploadAppStep] Upload status: PROCESSING_UPLOAD#
#2026 03 31 15:42:45.828#Z#DEBUG#1ed22708-2d18-11f1-af94-eeee0a833986.OPERATION#App upload monitor: 672025c5-b87f-4cbf-8fca-61f88be9af9f#
[UploadAppStep] Upload status: PROCESSING_UPLOAD#
#2026 03 31 15:42:49.934#Z#DEBUG#1ed22708-2d18-11f1-af94-eeee0a833986.OPERATION#flowable-async-job-executor-thread-17177#
[UploadAppStep] Executing task "uploadAppTask" of process "33f70dd3-2d18-11f1-b2b3-eeee0a9e5b0b"...#
#2026 03 31 15:42:49.935#Z#DEBUG#1ed22708-2d18-11f1-af94-eeee0a833986.OPERATION#flowable-async-job-executor-thread-17177#
[UploadAppStep] Application upload timeout is default one: 3,600 seconds#
#2026 03 31 15:42:49.935#Z#DEBUG#1ed22708-2d18-11f1-af94-eeee0a833986.OPERATION#flowable-async-job-executor-thread-17177#
[UploadAppStep] Checking upload status of application "bookshop-srv"...#
#2026 03 31 15:42:49.936#Z#DEBUG#1ed22708-2d18-11f1-af94-eeee0a833986.OPERATION#flowable-async-job-executor-thread-17177#
[UploadAppStep] Getting package "672025c5-b87f-4cbf-8fca-61f88be9af9f"...#
#2026 03 31 15:42:49.964#Z#DEBUG#1ed22708-2d18-11f1-af94-eeee0a833986.OPERATION#flowable-async-job-executor-thread-17177#
[UploadAppStep] Application "bookshop-srv" uploaded#
#2026 03 31 15:42:49.965#Z#DEBUG#1ed22708-2d18-11f1-af94-eeee0a833986.OPERATION#flowable-async-job-executor-thread-17177#
Step "Upload App" finished#
#2026 03 31 15:42:49.914#Z#DEBUG#1ed22708-2d18-11f1-af94-eeee0a833986.OPERATION#flowable-async-job-executor-thread-17165#
[StageAppStep] Executing task "stageAppTask" of process "33f75bf7-2d18-11f1-b2b3-eeee0a9e5b0b"...#
#2026 03 31 15:42:49.915#Z#DEBUG#1ed22708-2d18-11f1-af94-eeee0a833986.OPERATION#flowable-async-job-executor-thread-17165#
[StageAppStep] Application stage timeout is default one: 3,600 seconds#
#2026 03 31 15:42:49.915#Z#DEBUG#1ed22708-2d18-11f1-af94-eeee0a833986.OPERATION#flowable-async-job-executor-thread-17165#
[StageAppStep] Checking status of application "bookshop-db-deployer"...#
#2026 03 31 15:42:49.915#Z#DEBUG#1ed22708-2d18-11f1-af94-eeee0a833986.OPERATION#flowable-async-job-executor-thread-17165#
[StageAppStep] Getting build "33372d92-c72f-4c95-93b0-667ab1901ae9"...#
#2026 03 31 15:42:49.945#Z#DEBUG#1ed22708-2d18-11f1-af94-eeee0a833986.OPERATION#flowable-async-job-executor-thread-17165#
[StageAppStep] Staging status of application "bookshop-db-deployer": PENDING#
#2026 03 31 15:42:49.946#Z#DEBUG#1ed22708-2d18-11f1-af94-eeee0a833986.OPERATION#flowable-async-job-executor-thread-17165#
[StageAppStep] Getting application guid "bookshop-db-deployer"...#
#2026 03 31 15:42:50.063#Z#DEBUG#1ed22708-2d18-11f1-af94-eeee0a833986.OPERATION#flowable-async-job-executor-thread-17165#
Step "Stage App" finished#
#2026 03 31 15:42:50.088#Z#DEBUG#1ed22708-2d18-11f1-af94-eeee0a833986.OPERATION#flowable-async-job-executor-thread-17175#
[ScaleAppStep] Executing task "scaleAppTask" of process "33f70dd3-2d18-11f1-b2b3-eeee0a9e5b0b"...#
#2026 03 31 15:42:50.089#Z#DEBUG#1ed22708-2d18-11f1-af94-eeee0a833986.OPERATION#flowable-async-job-executor-thread-17175#
[ScaleAppStep] Scaling application "bookshop-srv"...#
#2026 03 31 15:42:50.089#Z#DEBUG#1ed22708-2d18-11f1-af94-eeee0a833986.OPERATION#flowable-async-job-executor-thread-17175#
[ScaleAppStep] Application "bookshop-srv" scaled#
#2026 03 31 15:42:50.089#Z#DEBUG#1ed22708-2d18-11f1-af94-eeee0a833986.OPERATION#flowable-async-job-executor-thread-17175#
Step "Scale App" finished#
#2026 03 31 15:42:50.106#Z#DEBUG#1ed22708-2d18-11f1-af94-eeee0a833986.OPERATION#flowable-async-job-executor-thread-17175#
[DetermineDesiredStateAchievingActionsStep] Executing task "determineDesiredStateAchievingActionsTask" of process "33f70dd3-2d18-11f1-b2b3-eeee0a9e5b0b"...#
#2026 03 31 15:42:50.107#Z#DEBUG#1ed22708-2d18-11f1-af94-eeee0a833986.OPERATION#flowable-async-job-executor-thread-17175#
[DetermineDesiredStateAchievingActionsStep] Getting application "bookshop-srv"...#
#2026 03 31 15:42:50.152#Z#DEBUG#1ed22708-2d18-11f1-af94-eeee0a833986.OPERATION#flowable-async-job-executor-thread-17175#
[DetermineDesiredStateAchievingActionsStep] Getting instances for application "bookshop-srv"...#
#2026 03 31 15:42:50.152#Z#DEBUG#1ed22708-2d18-11f1-af94-eeee0a833986.OPERATION#flowable-async-job-executor-thread-17175#
[DetermineDesiredStateAchievingActionsStep] Getting environment of application "ade25197-05ca-403e-b6bf-51a3acf27001"...#
#2026 03 31 15:42:50.191#Z#DEBUG#1ed22708-2d18-11f1-af94-eeee0a833986.OPERATION#flowable-async-job-executor-thread-17175#
[DetermineDesiredStateAchievingActionsStep] Current state of application bookshop-srv: STOPPED#
#2026 03 31 15:42:50.191#Z#DEBUG#1ed22708-2d18-11f1-af94-eeee0a833986.OPERATION#flowable-async-job-executor-thread-17175#
[DetermineDesiredStateAchievingActionsStep] Desired state of application bookshop-srv: STARTED#
#2026 03 31 15:42:50.191#Z#DEBUG#1ed22708-2d18-11f1-af94-eeee0a833986.OPERATION#flowable-async-job-executor-thread-17175#
[DetermineDesiredStateAchievingActionsStep] Actions that should be executed on application bookshop-srv: [STAGE, START]#
#2026 03 31 15:42:50.191#Z#DEBUG#1ed22708-2d18-11f1-af94-eeee0a833986.OPERATION#flowable-async-job-executor-thread-17175#
Step "Determine Desired State Achieving Actions" finished#
#2026 03 31 15:42:50.214#Z#DEBUG#1ed22708-2d18-11f1-af94-eeee0a833986.OPERATION#flowable-async-job-executor-thread-17175#
[StageAppStep] Executing task "stageAppTask" of process "33f70dd3-2d18-11f1-b2b3-eeee0a9e5b0b"...#
#2026 03 31 15:42:50.215#Z#DEBUG#1ed22708-2d18-11f1-af94-eeee0a833986.OPERATION#flowable-async-job-executor-thread-17175#
[StageAppStep] Application stage timeout is default one: 3,600 seconds#
#2026 03 31 15:42:50.216#Z#INFO#1ed22708-2d18-11f1-af94-eeee0a833986.OPERATION#flowable-async-job-executor-thread-17175#
[StageAppStep] Staging application "bookshop-srv"...#
#2026 03 31 15:42:50.220#Z#DEBUG#1ed22708-2d18-11f1-af94-eeee0a833986.OPERATION#flowable-async-job-executor-thread-17175#
[StageAppStep] Creating build for package "672025c5-b87f-4cbf-8fca-61f88be9af9f"...#
#2026 03 31 15:42:50.545#Z#DEBUG#1ed22708-2d18-11f1-af94-eeee0a833986.OPERATION#flowable-async-job-executor-thread-17175#
Step "Stage App" finished#
#2026 03 31 15:42:50.859#Z#DEBUG#1ed22708-2d18-11f1-af94-eeee0a833986.OPERATION#App upload monitor: 672025c5-b87f-4cbf-8fca-61f88be9af9f#
[UploadAppStep] Upload status: READY#
#2026 03 31 15:42:59.948#Z#DEBUG#1ed22708-2d18-11f1-af94-eeee0a833986.OPERATION#flowable-async-job-executor-thread-17181#
[StageAppStep] Executing task "stageAppTask" of process "33f75bf7-2d18-11f1-b2b3-eeee0a9e5b0b"...#
#2026 03 31 15:42:59.951#Z#DEBUG#1ed22708-2d18-11f1-af94-eeee0a833986.OPERATION#flowable-async-job-executor-thread-17181#
[StageAppStep] Application stage timeout is default one: 3,600 seconds#
#2026 03 31 15:42:59.952#Z#DEBUG#1ed22708-2d18-11f1-af94-eeee0a833986.OPERATION#flowable-async-job-executor-thread-17181#
[StageAppStep] Checking status of application "bookshop-db-deployer"...#
#2026 03 31 15:42:59.952#Z#DEBUG#1ed22708-2d18-11f1-af94-eeee0a833986.OPERATION#flowable-async-job-executor-thread-17181#
[StageAppStep] Getting build "33372d92-c72f-4c95-93b0-667ab1901ae9"...#
#2026 03 31 15:42:59.994#Z#DEBUG#1ed22708-2d18-11f1-af94-eeee0a833986.OPERATION#flowable-async-job-executor-thread-17179#
[StageAppStep] Executing task "stageAppTask" of process "33f70dd3-2d18-11f1-b2b3-eeee0a9e5b0b"...#
#2026 03 31 15:42:59.995#Z#DEBUG#1ed22708-2d18-11f1-af94-eeee0a833986.OPERATION#flowable-async-job-executor-thread-17181#
[StageAppStep] Staging status of application "bookshop-db-deployer": PENDING#
#2026 03 31 15:42:59.995#Z#DEBUG#1ed22708-2d18-11f1-af94-eeee0a833986.OPERATION#flowable-async-job-executor-thread-17179#
[StageAppStep] Application stage timeout is default one: 3,600 seconds#
#2026 03 31 15:42:59.996#Z#DEBUG#1ed22708-2d18-11f1-af94-eeee0a833986.OPERATION#flowable-async-job-executor-thread-17181#
[StageAppStep] Getting application guid "bookshop-db-deployer"...#
#2026 03 31 15:42:59.996#Z#DEBUG#1ed22708-2d18-11f1-af94-eeee0a833986.OPERATION#flowable-async-job-executor-thread-17179#
[StageAppStep] Checking status of application "bookshop-srv"...#
#2026 03 31 15:42:59.996#Z#DEBUG#1ed22708-2d18-11f1-af94-eeee0a833986.OPERATION#flowable-async-job-executor-thread-17179#
[StageAppStep] Getting build "811d5c53-8cee-41f7-9424-cdc0691c6087"...#
#2026 03 31 15:43:00.040#Z#DEBUG#1ed22708-2d18-11f1-af94-eeee0a833986.OPERATION#flowable-async-job-executor-thread-17179#
[StageAppStep] Staging status of application "bookshop-srv": PENDING#
#2026 03 31 15:43:00.041#Z#DEBUG#1ed22708-2d18-11f1-af94-eeee0a833986.OPERATION#flowable-async-job-executor-thread-17179#
[StageAppStep] Getting application guid "bookshop-srv"...#
#2026 03 31 15:43:00.119#Z#DEBUG#1ed22708-2d18-11f1-af94-eeee0a833986.OPERATION#flowable-async-job-executor-thread-17181#
Step "Stage App" finished#
#2026 03 31 15:43:00.151#Z#DEBUG#1ed22708-2d18-11f1-af94-eeee0a833986.OPERATION#flowable-async-job-executor-thread-17179#
Step "Stage App" finished#
#2026 03 31 15:43:09.987#Z#DEBUG#1ed22708-2d18-11f1-af94-eeee0a833986.OPERATION#flowable-async-job-executor-thread-17189#
[StageAppStep] Executing task "stageAppTask" of process "33f75bf7-2d18-11f1-b2b3-eeee0a9e5b0b"...#
#2026 03 31 15:43:09.989#Z#DEBUG#1ed22708-2d18-11f1-af94-eeee0a833986.OPERATION#flowable-async-job-executor-thread-17189#
[StageAppStep] Application stage timeout is default one: 3,600 seconds#
#2026 03 31 15:43:09.989#Z#DEBUG#1ed22708-2d18-11f1-af94-eeee0a833986.OPERATION#flowable-async-job-executor-thread-17189#
[StageAppStep] Checking status of application "bookshop-db-deployer"...#
#2026 03 31 15:43:09.989#Z#DEBUG#1ed22708-2d18-11f1-af94-eeee0a833986.OPERATION#flowable-async-job-executor-thread-17189#
[StageAppStep] Getting build "33372d92-c72f-4c95-93b0-667ab1901ae9"...#
#2026 03 31 15:43:10.027#Z#DEBUG#1ed22708-2d18-11f1-af94-eeee0a833986.OPERATION#flowable-async-job-executor-thread-17187#
[StageAppStep] Executing task "stageAppTask" of process "33f70dd3-2d18-11f1-b2b3-eeee0a9e5b0b"...#
#2026 03 31 15:43:10.028#Z#DEBUG#1ed22708-2d18-11f1-af94-eeee0a833986.OPERATION#flowable-async-job-executor-thread-17187#
[StageAppStep] Application stage timeout is default one: 3,600 seconds#
#2026 03 31 15:43:10.029#Z#DEBUG#1ed22708-2d18-11f1-af94-eeee0a833986.OPERATION#flowable-async-job-executor-thread-17187#
[StageAppStep] Checking status of application "bookshop-srv"...#
#2026 03 31 15:43:10.029#Z#DEBUG#1ed22708-2d18-11f1-af94-eeee0a833986.OPERATION#flowable-async-job-executor-thread-17187#
[StageAppStep] Getting build "811d5c53-8cee-41f7-9424-cdc0691c6087"...#
#2026 03 31 15:43:10.060#Z#DEBUG#1ed22708-2d18-11f1-af94-eeee0a833986.OPERATION#flowable-async-job-executor-thread-17189#
[StageAppStep] Staging status of application "bookshop-db-deployer": STAGED#
#2026 03 31 15:43:10.062#Z#DEBUG#1ed22708-2d18-11f1-af94-eeee0a833986.OPERATION#flowable-async-job-executor-thread-17189#
[StageAppStep] Getting application guid "bookshop-db-deployer"...#
#2026 03 31 15:43:10.070#Z#DEBUG#1ed22708-2d18-11f1-af94-eeee0a833986.OPERATION#flowable-async-job-executor-thread-17187#
[StageAppStep] Staging status of application "bookshop-srv": PENDING#
#2026 03 31 15:43:10.072#Z#DEBUG#1ed22708-2d18-11f1-af94-eeee0a833986.OPERATION#flowable-async-job-executor-thread-17187#
[StageAppStep] Getting application guid "bookshop-srv"...#
#2026 03 31 15:43:10.170#Z#DEBUG#1ed22708-2d18-11f1-af94-eeee0a833986.OPERATION#flowable-async-job-executor-thread-17189#
[StageAppStep] Getting build "33372d92-c72f-4c95-93b0-667ab1901ae9"...#
#2026 03 31 15:43:10.186#Z#DEBUG#1ed22708-2d18-11f1-af94-eeee0a833986.OPERATION#flowable-async-job-executor-thread-17187#
Step "Stage App" finished#
#2026 03 31 15:43:10.203#Z#DEBUG#1ed22708-2d18-11f1-af94-eeee0a833986.OPERATION#flowable-async-job-executor-thread-17189#
[StageAppStep] Binding droplet "4a200ed7-3eb5-4e3d-8d57-e516cc969095" to application "53dc3913-db40-46f4-b21e-a09b19d6dc6c"...#
#2026 03 31 15:43:10.265#Z#INFO#1ed22708-2d18-11f1-af94-eeee0a833986.OPERATION#flowable-async-job-executor-thread-17189#
[StageAppStep] Application "bookshop-db-deployer" staged#
#2026 03 31 15:43:10.271#Z#DEBUG#1ed22708-2d18-11f1-af94-eeee0a833986.OPERATION#flowable-async-job-executor-thread-17189#
Step "Stage App" finished#
#2026 03 31 15:43:10.336#Z#DEBUG#1ed22708-2d18-11f1-af94-eeee0a833986.OPERATION#flowable-async-job-executor-thread-17189#
[PrepareToExecuteTasksStep] Executing task "prepareToExecuteTasksTask" of process "51fac5b7-2d18-11f1-b2b3-eeee0a9e5b0b"...#
#2026 03 31 15:43:10.337#Z#DEBUG#1ed22708-2d18-11f1-af94-eeee0a833986.OPERATION#flowable-async-job-executor-thread-17189#
Step "Prepare To Execute Tasks" finished#
#2026 03 31 15:43:10.354#Z#DEBUG#1ed22708-2d18-11f1-af94-eeee0a833986.OPERATION#flowable-async-job-executor-thread-17189#
[ExecuteTaskStep] Executing task "executeTaskTask" of process "51fac5b7-2d18-11f1-b2b3-eeee0a9e5b0b"...#
#2026 03 31 15:43:10.355#Z#DEBUG#1ed22708-2d18-11f1-af94-eeee0a833986.OPERATION#flowable-async-job-executor-thread-17189#
[ExecuteTaskStep] Application task execution timeout is default one: 43,200 seconds#
#2026 03 31 15:43:10.356#Z#INFO#1ed22708-2d18-11f1-af94-eeee0a833986.OPERATION#flowable-async-job-executor-thread-17189#
[ExecuteTaskStep] Executing task "deploy" on application "bookshop-db-deployer"...#
#2026 03 31 15:43:10.359#Z#DEBUG#1ed22708-2d18-11f1-af94-eeee0a833986.OPERATION#flowable-async-job-executor-thread-17189#
[ExecuteTaskStep] Running task on application "bookshop-db-deployer": {
  "name" : "deploy",
  "command" : "npm start",
  "limits" : {
    "memory" : 256
  }
}#
#2026 03 31 15:43:10.670#Z#DEBUG#1ed22708-2d18-11f1-af94-eeee0a833986.OPERATION#flowable-async-job-executor-thread-17189#
Step "Execute Task" finished#
#2026 03 31 15:43:20.072#Z#DEBUG#1ed22708-2d18-11f1-af94-eeee0a833986.OPERATION#flowable-async-job-executor-thread-17200#
[StageAppStep] Executing task "stageAppTask" of process "33f70dd3-2d18-11f1-b2b3-eeee0a9e5b0b"...#
#2026 03 31 15:43:20.074#Z#DEBUG#1ed22708-2d18-11f1-af94-eeee0a833986.OPERATION#flowable-async-job-executor-thread-17200#
[StageAppStep] Application stage timeout is default one: 3,600 seconds#
#2026 03 31 15:43:20.074#Z#DEBUG#1ed22708-2d18-11f1-af94-eeee0a833986.OPERATION#flowable-async-job-executor-thread-17200#
[StageAppStep] Checking status of application "bookshop-srv"...#
#2026 03 31 15:43:20.074#Z#DEBUG#1ed22708-2d18-11f1-af94-eeee0a833986.OPERATION#flowable-async-job-executor-thread-17200#
[StageAppStep] Getting build "811d5c53-8cee-41f7-9424-cdc0691c6087"...#
#2026 03 31 15:43:20.107#Z#DEBUG#1ed22708-2d18-11f1-af94-eeee0a833986.OPERATION#flowable-async-job-executor-thread-17200#
[StageAppStep] Staging status of application "bookshop-srv": PENDING#
#2026 03 31 15:43:20.108#Z#DEBUG#1ed22708-2d18-11f1-af94-eeee0a833986.OPERATION#flowable-async-job-executor-thread-17200#
[StageAppStep] Getting application guid "bookshop-srv"...#
#2026 03 31 15:43:20.191#Z#DEBUG#1ed22708-2d18-11f1-af94-eeee0a833986.OPERATION#flowable-async-job-executor-thread-17200#
Step "Stage App" finished#
#2026 03 31 15:43:20.072#Z#DEBUG#1ed22708-2d18-11f1-af94-eeee0a833986.OPERATION#flowable-async-job-executor-thread-17201#
[ExecuteTaskStep] Executing task "executeTaskTask" of process "51fac5b7-2d18-11f1-b2b3-eeee0a9e5b0b"...#
#2026 03 31 15:43:20.073#Z#DEBUG#1ed22708-2d18-11f1-af94-eeee0a833986.OPERATION#flowable-async-job-executor-thread-17201#
[ExecuteTaskStep] Application task execution timeout is default one: 43,200 seconds#
#2026 03 31 15:43:20.074#Z#DEBUG#1ed22708-2d18-11f1-af94-eeee0a833986.OPERATION#flowable-async-job-executor-thread-17201#
[ExecuteTaskStep] Getting task "90ee17e2-b5b6-44f8-ae6b-73e1c2ea9781"...#
#2026 03 31 15:43:20.110#Z#DEBUG#1ed22708-2d18-11f1-af94-eeee0a833986.OPERATION#flowable-async-job-executor-thread-17201#
[ExecuteTaskStep] Task execution status: running#
#2026 03 31 15:43:20.111#Z#DEBUG#1ed22708-2d18-11f1-af94-eeee0a833986.OPERATION#flowable-async-job-executor-thread-17201#
[ExecuteTaskStep] Getting application guid "bookshop-db-deployer"...#
#2026 03 31 15:43:20.233#Z#DEBUG#1ed22708-2d18-11f1-af94-eeee0a833986.OPERATION#flowable-async-job-executor-thread-17201#
Step "Execute Task" finished#
#2026 03 31 15:43:30.135#Z#DEBUG#1ed22708-2d18-11f1-af94-eeee0a833986.OPERATION#flowable-async-job-executor-thread-17209#
[ExecuteTaskStep] Executing task "executeTaskTask" of process "51fac5b7-2d18-11f1-b2b3-eeee0a9e5b0b"...#
#2026 03 31 15:43:30.137#Z#DEBUG#1ed22708-2d18-11f1-af94-eeee0a833986.OPERATION#flowable-async-job-executor-thread-17209#
[ExecuteTaskStep] Application task execution timeout is default one: 43,200 seconds#
#2026 03 31 15:43:30.137#Z#DEBUG#1ed22708-2d18-11f1-af94-eeee0a833986.OPERATION#flowable-async-job-executor-thread-17209#
[ExecuteTaskStep] Getting task "90ee17e2-b5b6-44f8-ae6b-73e1c2ea9781"...#
#2026 03 31 15:43:30.171#Z#DEBUG#1ed22708-2d18-11f1-af94-eeee0a833986.OPERATION#flowable-async-job-executor-thread-17209#
[ExecuteTaskStep] Task execution status: failed#
#2026 03 31 15:43:30.173#Z#DEBUG#1ed22708-2d18-11f1-af94-eeee0a833986.OPERATION#flowable-async-job-executor-thread-17209#
[ExecuteTaskStep] Getting application guid "bookshop-db-deployer"...#
#2026 03 31 15:43:30.346#Z#ERROR#1ed22708-2d18-11f1-af94-eeee0a833986.OPERATION#flowable-async-job-executor-thread-17209#
[ExecuteTaskStep] Execution of task "deploy" on application "bookshop-db-deployer" failed.
Download the application logs via the dmol command and check them for more information.#
#2026 03 31 15:43:30.350#Z#ERROR#1ed22708-2d18-11f1-af94-eeee0a833986.OPERATION#flowable-async-job-executor-thread-17209#
Exception caught#
org.cloudfoundry.multiapps.common.SLException: A step of the process has failed. Retrying it may solve the issue.
	at org.cloudfoundry.multiapps.controller.process.steps.SyncFlowableStep.executeInternal(SyncFlowableStep.java:83)
	at org.cloudfoundry.multiapps.controller.process.steps.SyncFlowableStep.lambda$execute$0(SyncFlowableStep.java:71)
	at org.cloudfoundry.multiapps.controller.core.util.LoggingUtil.logWithCorrelationId(LoggingUtil.java:14)
	at org.cloudfoundry.multiapps.controller.process.steps.SyncFlowableStep.execute(SyncFlowableStep.java:71)
	at org.flowable.engine.impl.delegate.invocation.JavaDelegateInvocation.invoke(JavaDelegateInvocation.java:35)
	at org.flowable.engine.impl.delegate.invocation.DelegateInvocation.proceed(DelegateInvocation.java:32)
	at org.flowable.engine.impl.delegate.invocation.DefaultDelegateInterceptor.handleInvocation(DefaultDelegateInterceptor.java:26)
	at org.flowable.engine.impl.bpmn.behavior.ServiceTaskDelegateExpressionActivityBehavior.execute(ServiceTaskDelegateExpressionActivityBehavior.java:177)
	at org.flowable.engine.impl.agenda.ContinueProcessOperation.executeActivityBehavior(ContinueProcessOperation.java:298)
	at org.flowable.engine.impl.agenda.ContinueProcessOperation.executeSynchronous(ContinueProcessOperation.java:175)
	at org.flowable.engine.impl.agenda.ContinueProcessOperation.continueThroughFlowNode(ContinueProcessOperation.java:125)
	at org.flowable.engine.impl.agenda.ContinueProcessOperation.run(ContinueProcessOperation.java:88)
	at org.flowable.common.engine.impl.AbstractEngineConfiguration.lambda$new$0(AbstractEngineConfiguration.java:198)
	at org.flowable.engine.impl.interceptor.CommandInvoker.executeOperation(CommandInvoker.java:189)
	at org.flowable.engine.impl.interceptor.CommandInvoker.executeOperations(CommandInvoker.java:128)
	at org.flowable.engine.impl.interceptor.CommandInvoker.execute(CommandInvoker.java:80)
	at org.flowable.engine.impl.interceptor.BpmnOverrideContextInterceptor.execute(BpmnOverrideContextInterceptor.java:26)
	at org.flowable.common.engine.impl.interceptor.TransactionContextInterceptor.execute(TransactionContextInterceptor.java:53)
	at org.flowable.common.engine.impl.interceptor.CommandContextInterceptor.execute(CommandContextInterceptor.java:105)
	at org.flowable.common.spring.SpringTransactionInterceptor.lambda$execute$0(SpringTransactionInterceptor.java:57)
	at org.springframework.transaction.support.TransactionTemplate.execute(TransactionTemplate.java:140)
	at org.flowable.common.spring.SpringTransactionInterceptor.execute(SpringTransactionInterceptor.java:57)
	at org.flowable.common.engine.impl.interceptor.LogInterceptor.execute(LogInterceptor.java:30)
	at org.flowable.common.engine.impl.cfg.CommandExecutorImpl.execute(CommandExecutorImpl.java:56)
	at org.flowable.common.engine.impl.cfg.CommandExecutorImpl.execute(CommandExecutorImpl.java:51)
	at org.flowable.job.service.impl.asyncexecutor.ExecuteAsyncRunnable.handleTransactionalJob(ExecuteAsyncRunnable.java:177)
	at org.flowable.job.service.impl.asyncexecutor.ExecuteAsyncRunnable.executeJob(ExecuteAsyncRunnable.java:146)
	at org.flowable.job.service.impl.asyncexecutor.ExecuteAsyncRunnable.runInternally(ExecuteAsyncRunnable.java:122)
	at org.flowable.job.service.impl.asyncexecutor.ExecuteAsyncRunnable.run(ExecuteAsyncRunnable.java:96)
	at java.base/java.util.concurrent.ThreadPoolExecutor.runWorker(ThreadPoolExecutor.java:1136)
	at java.base/java.util.concurrent.ThreadPoolExecutor$Worker.run(ThreadPoolExecutor.java:635)
	at java.base/java.lang.Thread.run(Thread.java:840)
#2026 03 31 15:43:30.354#Z#DEBUG#1ed22708-2d18-11f1-af94-eeee0a833986.OPERATION#flowable-async-job-executor-thread-17209#
Step "Execute Task" finished#
#2026 03 31 15:43:30.131#Z#DEBUG#1ed22708-2d18-11f1-af94-eeee0a833986.OPERATION#flowable-async-job-executor-thread-12289#
[StageAppStep] Executing task "stageAppTask" of process "33f70dd3-2d18-11f1-b2b3-eeee0a9e5b0b"...#
#2026 03 31 15:43:30.133#Z#DEBUG#1ed22708-2d18-11f1-af94-eeee0a833986.OPERATION#flowable-async-job-executor-thread-12289#
[StageAppStep] Application stage timeout is default one: 3,600 seconds#
#2026 03 31 15:43:30.133#Z#DEBUG#1ed22708-2d18-11f1-af94-eeee0a833986.OPERATION#flowable-async-job-executor-thread-12289#
[StageAppStep] Checking status of application "bookshop-srv"...#
#2026 03 31 15:43:30.135#Z#DEBUG#1ed22708-2d18-11f1-af94-eeee0a833986.OPERATION#flowable-async-job-executor-thread-12289#
[StageAppStep] Getting build "811d5c53-8cee-41f7-9424-cdc0691c6087"...#
#2026 03 31 15:43:30.173#Z#DEBUG#1ed22708-2d18-11f1-af94-eeee0a833986.OPERATION#flowable-async-job-executor-thread-12289#
[StageAppStep] Staging status of application "bookshop-srv": STAGED#
#2026 03 31 15:43:30.174#Z#DEBUG#1ed22708-2d18-11f1-af94-eeee0a833986.OPERATION#flowable-async-job-executor-thread-12289#
[StageAppStep] Getting application guid "bookshop-srv"...#
#2026 03 31 15:43:30.289#Z#DEBUG#1ed22708-2d18-11f1-af94-eeee0a833986.OPERATION#flowable-async-job-executor-thread-12289#
[StageAppStep] Getting build "811d5c53-8cee-41f7-9424-cdc0691c6087"...#
#2026 03 31 15:43:30.321#Z#DEBUG#1ed22708-2d18-11f1-af94-eeee0a833986.OPERATION#flowable-async-job-executor-thread-12289#
[StageAppStep] Binding droplet "41b19327-7639-4efc-9c8f-7594260bbc8f" to application "ade25197-05ca-403e-b6bf-51a3acf27001"...#
#2026 03 31 15:43:30.378#Z#INFO#1ed22708-2d18-11f1-af94-eeee0a833986.OPERATION#flowable-async-job-executor-thread-12289#
[StageAppStep] Application "bookshop-srv" staged#
#2026 03 31 15:43:30.384#Z#DEBUG#1ed22708-2d18-11f1-af94-eeee0a833986.OPERATION#flowable-async-job-executor-thread-12289#
Step "Stage App" finished#
#2026 03 31 15:43:30.417#Z#DEBUG#1ed22708-2d18-11f1-af94-eeee0a833986.OPERATION#flowable-async-job-executor-thread-12289#
[RestartAppStep] Executing task "startAppTask" of process "33f70dd3-2d18-11f1-b2b3-eeee0a9e5b0b"...#
#2026 03 31 15:43:30.419#Z#DEBUG#1ed22708-2d18-11f1-af94-eeee0a833986.OPERATION#flowable-async-job-executor-thread-12289#
[RestartAppStep] Application start timeout is default one: 3,600 seconds#
#2026 03 31 15:43:30.421#Z#DEBUG#1ed22708-2d18-11f1-af94-eeee0a833986.OPERATION#flowable-async-job-executor-thread-12289#
[RestartAppStep] Getting application "bookshop-srv"...#
#2026 03 31 15:43:30.461#Z#INFO#1ed22708-2d18-11f1-af94-eeee0a833986.OPERATION#flowable-async-job-executor-thread-12289#
[RestartAppStep] Starting application "bookshop-srv"...#
#2026 03 31 15:43:30.466#Z#DEBUG#1ed22708-2d18-11f1-af94-eeee0a833986.OPERATION#flowable-async-job-executor-thread-12289#
[RestartAppStep] Starting application "bookshop-srv"...#
#2026 03 31 15:43:30.717#Z#DEBUG#1ed22708-2d18-11f1-af94-eeee0a833986.OPERATION#flowable-async-job-executor-thread-12289#
Step "Start App" finished#
#2026 03 31 15:43:40.159#Z#DEBUG#1ed22708-2d18-11f1-af94-eeee0a833986.OPERATION#flowable-async-job-executor-thread-12295#
[RestartAppStep] Executing task "startAppTask" of process "5e25da73-2d18-11f1-8c51-eeee0a84f5cf"...#
#2026 03 31 15:43:40.162#Z#DEBUG#1ed22708-2d18-11f1-af94-eeee0a833986.OPERATION#flowable-async-job-executor-thread-12295#
[RestartAppStep] Application start timeout is default one: 3,600 seconds#
#2026 03 31 15:43:40.163#Z#DEBUG#1ed22708-2d18-11f1-af94-eeee0a833986.OPERATION#flowable-async-job-executor-thread-12295#
[RestartAppStep] Checking status of application "bookshop-srv"...#
#2026 03 31 15:43:40.163#Z#DEBUG#1ed22708-2d18-11f1-af94-eeee0a833986.OPERATION#flowable-async-job-executor-thread-12295#
[RestartAppStep] Getting application "bookshop-srv"...#
#2026 03 31 15:43:40.209#Z#DEBUG#1ed22708-2d18-11f1-af94-eeee0a833986.OPERATION#flowable-async-job-executor-thread-12295#
[RestartAppStep] Getting instances for application "bookshop-srv"...#
#2026 03 31 15:43:40.261#Z#DEBUG#1ed22708-2d18-11f1-af94-eeee0a833986.OPERATION#flowable-async-job-executor-thread-12295#
[RestartAppStep] Application "bookshop-srv": 0 of 1 instances running (1 starting)#
#2026 03 31 15:43:40.302#Z#DEBUG#1ed22708-2d18-11f1-af94-eeee0a833986.OPERATION#flowable-async-job-executor-thread-12295#
Step "Start App" finished#
#2026 03 31 15:43:50.192#Z#DEBUG#1ed22708-2d18-11f1-af94-eeee0a833986.OPERATION#flowable-async-job-executor-thread-17218#
[RestartAppStep] Executing task "startAppTask" of process "63dc68d0-2d18-11f1-8c51-eeee0a84f5cf"...#
#2026 03 31 15:43:50.193#Z#DEBUG#1ed22708-2d18-11f1-af94-eeee0a833986.OPERATION#flowable-async-job-executor-thread-17218#
[RestartAppStep] Application start timeout is default one: 3,600 seconds#
#2026 03 31 15:43:50.267#Z#DEBUG#1ed22708-2d18-11f1-af94-eeee0a833986.OPERATION#flowable-async-job-executor-thread-17218#
[RestartAppStep] Checking status of application "bookshop-srv"...#
#2026 03 31 15:43:50.268#Z#DEBUG#1ed22708-2d18-11f1-af94-eeee0a833986.OPERATION#flowable-async-job-executor-thread-17218#
[RestartAppStep] Getting instances for application "bookshop-srv"...#
#2026 03 31 15:43:50.336#Z#DEBUG#1ed22708-2d18-11f1-af94-eeee0a833986.OPERATION#flowable-async-job-executor-thread-17218#
[RestartAppStep] Application "bookshop-srv": 1 of 1 instances running (1 running)#
#2026 03 31 15:43:50.375#Z#DEBUG#1ed22708-2d18-11f1-af94-eeee0a833986.OPERATION#flowable-async-job-executor-thread-17218#
[RestartAppStep] Getting routes for application "ade25197-05ca-403e-b6bf-51a3acf27001"...#
#2026 03 31 15:43:50.431#Z#INFO#1ed22708-2d18-11f1-af94-eeee0a833986.OPERATION#flowable-async-job-executor-thread-17218#
[RestartAppStep] Application "bookshop-srv" started and available at "821f3512trial-dev-bookshop-srv.cfapps.us10-001.hana.ondemand.com"#
#2026 03 31 15:43:50.435#Z#DEBUG#1ed22708-2d18-11f1-af94-eeee0a833986.OPERATION#flowable-async-job-executor-thread-17218#
Step "Start App" finished#
#2026 03 31 15:44:00.216#Z#DEBUG#1ed22708-2d18-11f1-af94-eeee0a833986.OPERATION#flowable-async-job-executor-thread-17227#
[RestartAppStep] Executing task "startAppTask" of process "69e66e36-2d18-11f1-b2b3-eeee0a9e5b0b"...#
#2026 03 31 15:44:00.217#Z#DEBUG#1ed22708-2d18-11f1-af94-eeee0a833986.OPERATION#flowable-async-job-executor-thread-17227#
[RestartAppStep] Application start timeout is default one: 3,600 seconds#
#2026 03 31 15:44:00.218#Z#DEBUG#1ed22708-2d18-11f1-af94-eeee0a833986.OPERATION#flowable-async-job-executor-thread-17227#
Step "Start App" finished#
#2026 03 31 15:44:00.268#Z#DEBUG#1ed22708-2d18-11f1-af94-eeee0a833986.OPERATION#flowable-async-job-executor-thread-17227#
[PrepareToExecuteTasksStep] Executing task "prepareToExecuteTasksTask" of process "6fbe3fe8-2d18-11f1-b2b3-eeee0a9e5b0b"...#
#2026 03 31 15:44:00.269#Z#DEBUG#1ed22708-2d18-11f1-af94-eeee0a833986.OPERATION#flowable-async-job-executor-thread-17227#
Step "Prepare To Execute Tasks" finished#
#2026 03 31 15:44:00.303#Z#DEBUG#1ed22708-2d18-11f1-af94-eeee0a833986.OPERATION#flowable-async-job-executor-thread-17227#
[PublishConfigurationEntriesStep] Executing task "publishProvidedDependenciesTask" of process "6fbb0b74-2d18-11f1-b2b3-eeee0a9e5b0b"...#
#2026 03 31 15:44:00.303#Z#DEBUG#1ed22708-2d18-11f1-af94-eeee0a833986.OPERATION#flowable-async-job-executor-thread-17227#
[PublishConfigurationEntriesStep] Publishing public provided dependencies for application "bookshop-srv"...#
#2026 03 31 15:44:00.304#Z#DEBUG#1ed22708-2d18-11f1-af94-eeee0a833986.OPERATION#flowable-async-job-executor-thread-17227#
[PublishConfigurationEntriesStep] No public provided dependencies for publishing#
#2026 03 31 15:44:00.304#Z#DEBUG#1ed22708-2d18-11f1-af94-eeee0a833986.OPERATION#flowable-async-job-executor-thread-17227#
Step "Publish Provided Dependencies" finished#
#2026 03 31 15:44:00.326#Z#DEBUG#1ed22708-2d18-11f1-af94-eeee0a833986.OPERATION#flowable-async-job-executor-thread-17227#
[CreateOrUpdateServiceBrokerStep] Executing task "createOrUpdateServiceBrokerTask" of process "6fbb0b74-2d18-11f1-b2b3-eeee0a9e5b0b"...#
#2026 03 31 15:44:00.327#Z#DEBUG#1ed22708-2d18-11f1-af94-eeee0a833986.OPERATION#flowable-async-job-executor-thread-17227#
[CreateOrUpdateServiceBrokerStep] Creating service brokers...#
#2026 03 31 15:44:00.327#Z#DEBUG#1ed22708-2d18-11f1-af94-eeee0a833986.OPERATION#flowable-async-job-executor-thread-17227#
Step "Create Or Update Service Broker " finished#
#2026 03 31 15:48:45.871#Z#DEBUG#1ed22708-2d18-11f1-af94-eeee0a833986.OPERATION#flowable-async-job-executor-thread-12426#
[ExecuteTaskStep] Executing task "executeTaskTask" of process "51fac5b7-2d18-11f1-b2b3-eeee0a9e5b0b"...#
#2026 03 31 15:48:45.874#Z#DEBUG#1ed22708-2d18-11f1-af94-eeee0a833986.OPERATION#flowable-async-job-executor-thread-12426#
[ExecuteTaskStep] Application task execution timeout is default one: 43,200 seconds#
#2026 03 31 15:48:45.876#Z#INFO#1ed22708-2d18-11f1-af94-eeee0a833986.OPERATION#flowable-async-job-executor-thread-12426#
[ExecuteTaskStep] Executing task "deploy" on application "bookshop-db-deployer"...#
#2026 03 31 15:48:45.880#Z#DEBUG#1ed22708-2d18-11f1-af94-eeee0a833986.OPERATION#flowable-async-job-executor-thread-12426#
[ExecuteTaskStep] Running task on application "bookshop-db-deployer": {
  "name" : "deploy",
  "command" : "npm start",
  "limits" : {
    "memory" : 256
  }
}#
#2026 03 31 15:48:46.175#Z#DEBUG#1ed22708-2d18-11f1-af94-eeee0a833986.OPERATION#flowable-async-job-executor-thread-12426#
Step "Execute Task" finished#
#2026 03 31 15:49:01.197#Z#DEBUG#1ed22708-2d18-11f1-af94-eeee0a833986.OPERATION#flowable-async-job-executor-thread-17454#
[ExecuteTaskStep] Executing task "executeTaskTask" of process "51fac5b7-2d18-11f1-b2b3-eeee0a9e5b0b"...#
#2026 03 31 15:49:01.198#Z#DEBUG#1ed22708-2d18-11f1-af94-eeee0a833986.OPERATION#flowable-async-job-executor-thread-17454#
[ExecuteTaskStep] Application task execution timeout is default one: 43,200 seconds#
#2026 03 31 15:49:01.200#Z#DEBUG#1ed22708-2d18-11f1-af94-eeee0a833986.OPERATION#flowable-async-job-executor-thread-17454#
[ExecuteTaskStep] Getting task "bacc7b56-f76e-4b62-9e95-0e16d239e40d"...#
#2026 03 31 15:49:01.236#Z#DEBUG#1ed22708-2d18-11f1-af94-eeee0a833986.OPERATION#flowable-async-job-executor-thread-17454#
[ExecuteTaskStep] Task execution status: failed#
#2026 03 31 15:49:01.238#Z#DEBUG#1ed22708-2d18-11f1-af94-eeee0a833986.OPERATION#flowable-async-job-executor-thread-17454#
[ExecuteTaskStep] Getting application guid "bookshop-db-deployer"...#
#2026 03 31 15:49:01.434#Z#ERROR#1ed22708-2d18-11f1-af94-eeee0a833986.OPERATION#flowable-async-job-executor-thread-17454#
[ExecuteTaskStep] Execution of task "deploy" on application "bookshop-db-deployer" failed.
Download the application logs via the dmol command and check them for more information.#
#2026 03 31 15:49:01.438#Z#ERROR#1ed22708-2d18-11f1-af94-eeee0a833986.OPERATION#flowable-async-job-executor-thread-17454#
Exception caught#
org.cloudfoundry.multiapps.common.SLException: A step of the process has failed. Retrying it may solve the issue.
	at org.cloudfoundry.multiapps.controller.process.steps.SyncFlowableStep.executeInternal(SyncFlowableStep.java:83)
	at org.cloudfoundry.multiapps.controller.process.steps.SyncFlowableStep.lambda$execute$0(SyncFlowableStep.java:71)
	at org.cloudfoundry.multiapps.controller.core.util.LoggingUtil.logWithCorrelationId(LoggingUtil.java:14)
	at org.cloudfoundry.multiapps.controller.process.steps.SyncFlowableStep.execute(SyncFlowableStep.java:71)
	at org.flowable.engine.impl.delegate.invocation.JavaDelegateInvocation.invoke(JavaDelegateInvocation.java:35)
	at org.flowable.engine.impl.delegate.invocation.DelegateInvocation.proceed(DelegateInvocation.java:32)
	at org.flowable.engine.impl.delegate.invocation.DefaultDelegateInterceptor.handleInvocation(DefaultDelegateInterceptor.java:26)
	at org.flowable.engine.impl.bpmn.behavior.ServiceTaskDelegateExpressionActivityBehavior.execute(ServiceTaskDelegateExpressionActivityBehavior.java:177)
	at org.flowable.engine.impl.agenda.ContinueProcessOperation.executeActivityBehavior(ContinueProcessOperation.java:298)
	at org.flowable.engine.impl.agenda.ContinueProcessOperation.executeSynchronous(ContinueProcessOperation.java:175)
	at org.flowable.engine.impl.agenda.ContinueProcessOperation.continueThroughFlowNode(ContinueProcessOperation.java:125)
	at org.flowable.engine.impl.agenda.ContinueProcessOperation.run(ContinueProcessOperation.java:88)
	at org.flowable.common.engine.impl.AbstractEngineConfiguration.lambda$new$0(AbstractEngineConfiguration.java:198)
	at org.flowable.engine.impl.interceptor.CommandInvoker.executeOperation(CommandInvoker.java:189)
	at org.flowable.engine.impl.interceptor.CommandInvoker.executeOperations(CommandInvoker.java:128)
	at org.flowable.engine.impl.interceptor.CommandInvoker.execute(CommandInvoker.java:80)
	at org.flowable.engine.impl.interceptor.BpmnOverrideContextInterceptor.execute(BpmnOverrideContextInterceptor.java:26)
	at org.flowable.common.engine.impl.interceptor.TransactionContextInterceptor.execute(TransactionContextInterceptor.java:53)
	at org.flowable.common.engine.impl.interceptor.CommandContextInterceptor.execute(CommandContextInterceptor.java:105)
	at org.flowable.common.spring.SpringTransactionInterceptor.lambda$execute$0(SpringTransactionInterceptor.java:57)
	at org.springframework.transaction.support.TransactionTemplate.execute(TransactionTemplate.java:140)
	at org.flowable.common.spring.SpringTransactionInterceptor.execute(SpringTransactionInterceptor.java:57)
	at org.flowable.common.engine.impl.interceptor.LogInterceptor.execute(LogInterceptor.java:30)
	at org.flowable.common.engine.impl.cfg.CommandExecutorImpl.execute(CommandExecutorImpl.java:56)
	at org.flowable.common.engine.impl.cfg.CommandExecutorImpl.execute(CommandExecutorImpl.java:51)
	at org.flowable.job.service.impl.asyncexecutor.ExecuteAsyncRunnable.handleTransactionalJob(ExecuteAsyncRunnable.java:177)
	at org.flowable.job.service.impl.asyncexecutor.ExecuteAsyncRunnable.executeJob(ExecuteAsyncRunnable.java:146)
	at org.flowable.job.service.impl.asyncexecutor.ExecuteAsyncRunnable.runInternally(ExecuteAsyncRunnable.java:122)
	at org.flowable.job.service.impl.asyncexecutor.ExecuteAsyncRunnable.run(ExecuteAsyncRunnable.java:96)
	at java.base/java.util.concurrent.ThreadPoolExecutor.runWorker(ThreadPoolExecutor.java:1136)
	at java.base/java.util.concurrent.ThreadPoolExecutor$Worker.run(ThreadPoolExecutor.java:635)
	at java.base/java.lang.Thread.run(Thread.java:840)
#2026 03 31 15:49:01.442#Z#DEBUG#1ed22708-2d18-11f1-af94-eeee0a833986.OPERATION#flowable-async-job-executor-thread-17454#
Step "Execute Task" finished#
#2026 03 31 15:49:01.833#Z#DEBUG#1ed22708-2d18-11f1-af94-eeee0a833986.OPERATION#flowable-async-job-executor-thread-12430#
[ExecuteTaskStep] Executing task "executeTaskTask" of process "51fac5b7-2d18-11f1-b2b3-eeee0a9e5b0b"...#
#2026 03 31 15:49:01.835#Z#DEBUG#1ed22708-2d18-11f1-af94-eeee0a833986.OPERATION#flowable-async-job-executor-thread-12430#
[ExecuteTaskStep] Application task execution timeout is default one: 43,200 seconds#
#2026 03 31 15:49:01.838#Z#INFO#1ed22708-2d18-11f1-af94-eeee0a833986.OPERATION#flowable-async-job-executor-thread-12430#
[ExecuteTaskStep] Executing task "deploy" on application "bookshop-db-deployer"...#
#2026 03 31 15:49:01.843#Z#DEBUG#1ed22708-2d18-11f1-af94-eeee0a833986.OPERATION#flowable-async-job-executor-thread-12430#
[ExecuteTaskStep] Running task on application "bookshop-db-deployer": {
  "name" : "deploy",
  "command" : "npm start",
  "limits" : {
    "memory" : 256
  }
}#
#2026 03 31 15:49:02.129#Z#DEBUG#1ed22708-2d18-11f1-af94-eeee0a833986.OPERATION#flowable-async-job-executor-thread-12430#
Step "Execute Task" finished#
#2026 03 31 15:49:11.241#Z#DEBUG#1ed22708-2d18-11f1-af94-eeee0a833986.OPERATION#flowable-async-job-executor-thread-17464#
[ExecuteTaskStep] Executing task "executeTaskTask" of process "51fac5b7-2d18-11f1-b2b3-eeee0a9e5b0b"...#
#2026 03 31 15:49:11.242#Z#DEBUG#1ed22708-2d18-11f1-af94-eeee0a833986.OPERATION#flowable-async-job-executor-thread-17464#
[ExecuteTaskStep] Application task execution timeout is default one: 43,200 seconds#
#2026 03 31 15:49:11.317#Z#DEBUG#1ed22708-2d18-11f1-af94-eeee0a833986.OPERATION#flowable-async-job-executor-thread-17464#
[ExecuteTaskStep] Getting task "5f60cef9-c272-48ac-aba9-a29bf99e557f"...#
#2026 03 31 15:49:11.370#Z#DEBUG#1ed22708-2d18-11f1-af94-eeee0a833986.OPERATION#flowable-async-job-executor-thread-17464#
[ExecuteTaskStep] Task execution status: running#
#2026 03 31 15:49:11.371#Z#DEBUG#1ed22708-2d18-11f1-af94-eeee0a833986.OPERATION#flowable-async-job-executor-thread-17464#
[ExecuteTaskStep] Getting application guid "bookshop-db-deployer"...#
#2026 03 31 15:49:11.549#Z#INFO#1ed22708-2d18-11f1-af94-eeee0a833986.OPERATION#flowable-async-job-executor-thread-17464#
[ExecuteTaskStep] Task "deploy" on application "bookshop-db-deployer" is still "running"#
#2026 03 31 15:49:11.553#Z#DEBUG#1ed22708-2d18-11f1-af94-eeee0a833986.OPERATION#flowable-async-job-executor-thread-17464#
Step "Execute Task" finished#
#2026 03 31 15:49:21.290#Z#DEBUG#1ed22708-2d18-11f1-af94-eeee0a833986.OPERATION#flowable-async-job-executor-thread-17470#
[ExecuteTaskStep] Executing task "executeTaskTask" of process "51fac5b7-2d18-11f1-b2b3-eeee0a9e5b0b"...#
#2026 03 31 15:49:21.291#Z#DEBUG#1ed22708-2d18-11f1-af94-eeee0a833986.OPERATION#flowable-async-job-executor-thread-17470#
[ExecuteTaskStep] Application task execution timeout is default one: 43,200 seconds#
#2026 03 31 15:49:21.292#Z#DEBUG#1ed22708-2d18-11f1-af94-eeee0a833986.OPERATION#flowable-async-job-executor-thread-17470#
[ExecuteTaskStep] Getting task "5f60cef9-c272-48ac-aba9-a29bf99e557f"...#
#2026 03 31 15:49:21.326#Z#DEBUG#1ed22708-2d18-11f1-af94-eeee0a833986.OPERATION#flowable-async-job-executor-thread-17470#
[ExecuteTaskStep] Task execution status: failed#
#2026 03 31 15:49:21.328#Z#DEBUG#1ed22708-2d18-11f1-af94-eeee0a833986.OPERATION#flowable-async-job-executor-thread-17470#
[ExecuteTaskStep] Getting application guid "bookshop-db-deployer"...#
#2026 03 31 15:49:21.437#Z#ERROR#1ed22708-2d18-11f1-af94-eeee0a833986.OPERATION#flowable-async-job-executor-thread-17470#
[ExecuteTaskStep] Execution of task "deploy" on application "bookshop-db-deployer" failed.
Download the application logs via the dmol command and check them for more information.#
#2026 03 31 15:49:21.441#Z#ERROR#1ed22708-2d18-11f1-af94-eeee0a833986.OPERATION#flowable-async-job-executor-thread-17470#
Exception caught#
org.cloudfoundry.multiapps.common.SLException: A step of the process has failed. Retrying it may solve the issue.
	at org.cloudfoundry.multiapps.controller.process.steps.SyncFlowableStep.executeInternal(SyncFlowableStep.java:83)
	at org.cloudfoundry.multiapps.controller.process.steps.SyncFlowableStep.lambda$execute$0(SyncFlowableStep.java:71)
	at org.cloudfoundry.multiapps.controller.core.util.LoggingUtil.logWithCorrelationId(LoggingUtil.java:14)
	at org.cloudfoundry.multiapps.controller.process.steps.SyncFlowableStep.execute(SyncFlowableStep.java:71)
	at org.flowable.engine.impl.delegate.invocation.JavaDelegateInvocation.invoke(JavaDelegateInvocation.java:35)
	at org.flowable.engine.impl.delegate.invocation.DelegateInvocation.proceed(DelegateInvocation.java:32)
	at org.flowable.engine.impl.delegate.invocation.DefaultDelegateInterceptor.handleInvocation(DefaultDelegateInterceptor.java:26)
	at org.flowable.engine.impl.bpmn.behavior.ServiceTaskDelegateExpressionActivityBehavior.execute(ServiceTaskDelegateExpressionActivityBehavior.java:177)
	at org.flowable.engine.impl.agenda.ContinueProcessOperation.executeActivityBehavior(ContinueProcessOperation.java:298)
	at org.flowable.engine.impl.agenda.ContinueProcessOperation.executeSynchronous(ContinueProcessOperation.java:175)
	at org.flowable.engine.impl.agenda.ContinueProcessOperation.continueThroughFlowNode(ContinueProcessOperation.java:125)
	at org.flowable.engine.impl.agenda.ContinueProcessOperation.run(ContinueProcessOperation.java:88)
	at org.flowable.common.engine.impl.AbstractEngineConfiguration.lambda$new$0(AbstractEngineConfiguration.java:198)
	at org.flowable.engine.impl.interceptor.CommandInvoker.executeOperation(CommandInvoker.java:189)
	at org.flowable.engine.impl.interceptor.CommandInvoker.executeOperations(CommandInvoker.java:128)
	at org.flowable.engine.impl.interceptor.CommandInvoker.execute(CommandInvoker.java:80)
	at org.flowable.engine.impl.interceptor.BpmnOverrideContextInterceptor.execute(BpmnOverrideContextInterceptor.java:26)
	at org.flowable.common.engine.impl.interceptor.TransactionContextInterceptor.execute(TransactionContextInterceptor.java:53)
	at org.flowable.common.engine.impl.interceptor.CommandContextInterceptor.execute(CommandContextInterceptor.java:105)
	at org.flowable.common.spring.SpringTransactionInterceptor.lambda$execute$0(SpringTransactionInterceptor.java:57)
	at org.springframework.transaction.support.TransactionTemplate.execute(TransactionTemplate.java:140)
	at org.flowable.common.spring.SpringTransactionInterceptor.execute(SpringTransactionInterceptor.java:57)
	at org.flowable.common.engine.impl.interceptor.LogInterceptor.execute(LogInterceptor.java:30)
	at org.flowable.common.engine.impl.cfg.CommandExecutorImpl.execute(CommandExecutorImpl.java:56)
	at org.flowable.common.engine.impl.cfg.CommandExecutorImpl.execute(CommandExecutorImpl.java:51)
	at org.flowable.job.service.impl.asyncexecutor.ExecuteAsyncRunnable.handleTransactionalJob(ExecuteAsyncRunnable.java:177)
	at org.flowable.job.service.impl.asyncexecutor.ExecuteAsyncRunnable.executeJob(ExecuteAsyncRunnable.java:146)
	at org.flowable.job.service.impl.asyncexecutor.ExecuteAsyncRunnable.runInternally(ExecuteAsyncRunnable.java:122)
	at org.flowable.job.service.impl.asyncexecutor.ExecuteAsyncRunnable.run(ExecuteAsyncRunnable.java:96)
	at java.base/java.util.concurrent.ThreadPoolExecutor.runWorker(ThreadPoolExecutor.java:1136)
	at java.base/java.util.concurrent.ThreadPoolExecutor$Worker.run(ThreadPoolExecutor.java:635)
	at java.base/java.lang.Thread.run(Thread.java:840)
#2026 03 31 15:49:21.448#Z#DEBUG#1ed22708-2d18-11f1-af94-eeee0a833986.OPERATION#flowable-async-job-executor-thread-17470#
Step "Execute Task" finished#
#2026 03 31 15:49:24.024#Z#DEBUG#1ed22708-2d18-11f1-af94-eeee0a833986.OPERATION#flowable-async-job-executor-thread-12442#
[ExecuteTaskStep] Executing task "executeTaskTask" of process "51fac5b7-2d18-11f1-b2b3-eeee0a9e5b0b"...#
#2026 03 31 15:49:24.026#Z#DEBUG#1ed22708-2d18-11f1-af94-eeee0a833986.OPERATION#flowable-async-job-executor-thread-12442#
[ExecuteTaskStep] Application task execution timeout is default one: 43,200 seconds#
#2026 03 31 15:49:24.028#Z#INFO#1ed22708-2d18-11f1-af94-eeee0a833986.OPERATION#flowable-async-job-executor-thread-12442#
[ExecuteTaskStep] Executing task "deploy" on application "bookshop-db-deployer"...#
#2026 03 31 15:49:24.033#Z#DEBUG#1ed22708-2d18-11f1-af94-eeee0a833986.OPERATION#flowable-async-job-executor-thread-12442#
[ExecuteTaskStep] Running task on application "bookshop-db-deployer": {
  "name" : "deploy",
  "command" : "npm start",
  "limits" : {
    "memory" : 256
  }
}#
#2026 03 31 15:49:24.307#Z#DEBUG#1ed22708-2d18-11f1-af94-eeee0a833986.OPERATION#flowable-async-job-executor-thread-12442#
Step "Execute Task" finished#
#2026 03 31 15:49:31.310#Z#DEBUG#1ed22708-2d18-11f1-af94-eeee0a833986.OPERATION#flowable-async-job-executor-thread-17477#
[ExecuteTaskStep] Executing task "executeTaskTask" of process "51fac5b7-2d18-11f1-b2b3-eeee0a9e5b0b"...#
#2026 03 31 15:49:31.312#Z#DEBUG#1ed22708-2d18-11f1-af94-eeee0a833986.OPERATION#flowable-async-job-executor-thread-17477#
[ExecuteTaskStep] Application task execution timeout is default one: 43,200 seconds#
#2026 03 31 15:49:31.391#Z#DEBUG#1ed22708-2d18-11f1-af94-eeee0a833986.OPERATION#flowable-async-job-executor-thread-17477#
[ExecuteTaskStep] Getting task "14fa20f3-57b3-4f81-8652-6fa9b51c504a"...#
#2026 03 31 15:49:31.442#Z#DEBUG#1ed22708-2d18-11f1-af94-eeee0a833986.OPERATION#flowable-async-job-executor-thread-17477#
[ExecuteTaskStep] Task execution status: running#
#2026 03 31 15:49:31.444#Z#DEBUG#1ed22708-2d18-11f1-af94-eeee0a833986.OPERATION#flowable-async-job-executor-thread-17477#
[ExecuteTaskStep] Getting application guid "bookshop-db-deployer"...#
#2026 03 31 15:49:31.520#Z#DEBUG#1ed22708-2d18-11f1-af94-eeee0a833986.OPERATION#flowable-async-job-executor-thread-17477#
Step "Execute Task" finished#
#2026 03 31 15:49:41.337#Z#DEBUG#1ed22708-2d18-11f1-af94-eeee0a833986.OPERATION#flowable-async-job-executor-thread-17485#
[ExecuteTaskStep] Executing task "executeTaskTask" of process "51fac5b7-2d18-11f1-b2b3-eeee0a9e5b0b"...#
#2026 03 31 15:49:41.338#Z#DEBUG#1ed22708-2d18-11f1-af94-eeee0a833986.OPERATION#flowable-async-job-executor-thread-17485#
[ExecuteTaskStep] Application task execution timeout is default one: 43,200 seconds#
#2026 03 31 15:49:41.339#Z#DEBUG#1ed22708-2d18-11f1-af94-eeee0a833986.OPERATION#flowable-async-job-executor-thread-17485#
[ExecuteTaskStep] Getting task "14fa20f3-57b3-4f81-8652-6fa9b51c504a"...#
#2026 03 31 15:49:41.373#Z#DEBUG#1ed22708-2d18-11f1-af94-eeee0a833986.OPERATION#flowable-async-job-executor-thread-17485#
[ExecuteTaskStep] Task execution status: failed#
#2026 03 31 15:49:41.375#Z#DEBUG#1ed22708-2d18-11f1-af94-eeee0a833986.OPERATION#flowable-async-job-executor-thread-17485#
[ExecuteTaskStep] Getting application guid "bookshop-db-deployer"...#
#2026 03 31 15:49:41.527#Z#ERROR#1ed22708-2d18-11f1-af94-eeee0a833986.OPERATION#flowable-async-job-executor-thread-17485#
[ExecuteTaskStep] Execution of task "deploy" on application "bookshop-db-deployer" failed.
Download the application logs via the dmol command and check them for more information.#
#2026 03 31 15:49:41.530#Z#ERROR#1ed22708-2d18-11f1-af94-eeee0a833986.OPERATION#flowable-async-job-executor-thread-17485#
Exception caught#
org.cloudfoundry.multiapps.common.SLException: A step of the process has failed. Retrying it may solve the issue.
	at org.cloudfoundry.multiapps.controller.process.steps.SyncFlowableStep.executeInternal(SyncFlowableStep.java:83)
	at org.cloudfoundry.multiapps.controller.process.steps.SyncFlowableStep.lambda$execute$0(SyncFlowableStep.java:71)
	at org.cloudfoundry.multiapps.controller.core.util.LoggingUtil.logWithCorrelationId(LoggingUtil.java:14)
	at org.cloudfoundry.multiapps.controller.process.steps.SyncFlowableStep.execute(SyncFlowableStep.java:71)
	at org.flowable.engine.impl.delegate.invocation.JavaDelegateInvocation.invoke(JavaDelegateInvocation.java:35)
	at org.flowable.engine.impl.delegate.invocation.DelegateInvocation.proceed(DelegateInvocation.java:32)
	at org.flowable.engine.impl.delegate.invocation.DefaultDelegateInterceptor.handleInvocation(DefaultDelegateInterceptor.java:26)
	at org.flowable.engine.impl.bpmn.behavior.ServiceTaskDelegateExpressionActivityBehavior.execute(ServiceTaskDelegateExpressionActivityBehavior.java:177)
	at org.flowable.engine.impl.agenda.ContinueProcessOperation.executeActivityBehavior(ContinueProcessOperation.java:298)
	at org.flowable.engine.impl.agenda.ContinueProcessOperation.executeSynchronous(ContinueProcessOperation.java:175)
	at org.flowable.engine.impl.agenda.ContinueProcessOperation.continueThroughFlowNode(ContinueProcessOperation.java:125)
	at org.flowable.engine.impl.agenda.ContinueProcessOperation.run(ContinueProcessOperation.java:88)
	at org.flowable.common.engine.impl.AbstractEngineConfiguration.lambda$new$0(AbstractEngineConfiguration.java:198)
	at org.flowable.engine.impl.interceptor.CommandInvoker.executeOperation(CommandInvoker.java:189)
	at org.flowable.engine.impl.interceptor.CommandInvoker.executeOperations(CommandInvoker.java:128)
	at org.flowable.engine.impl.interceptor.CommandInvoker.execute(CommandInvoker.java:80)
	at org.flowable.engine.impl.interceptor.BpmnOverrideContextInterceptor.execute(BpmnOverrideContextInterceptor.java:26)
	at org.flowable.common.engine.impl.interceptor.TransactionContextInterceptor.execute(TransactionContextInterceptor.java:53)
	at org.flowable.common.engine.impl.interceptor.CommandContextInterceptor.execute(CommandContextInterceptor.java:105)
	at org.flowable.common.spring.SpringTransactionInterceptor.lambda$execute$0(SpringTransactionInterceptor.java:57)
	at org.springframework.transaction.support.TransactionTemplate.execute(TransactionTemplate.java:140)
	at org.flowable.common.spring.SpringTransactionInterceptor.execute(SpringTransactionInterceptor.java:57)
	at org.flowable.common.engine.impl.interceptor.LogInterceptor.execute(LogInterceptor.java:30)
	at org.flowable.common.engine.impl.cfg.CommandExecutorImpl.execute(CommandExecutorImpl.java:56)
	at org.flowable.common.engine.impl.cfg.CommandExecutorImpl.execute(CommandExecutorImpl.java:51)
	at org.flowable.job.service.impl.asyncexecutor.ExecuteAsyncRunnable.handleTransactionalJob(ExecuteAsyncRunnable.java:177)
	at org.flowable.job.service.impl.asyncexecutor.ExecuteAsyncRunnable.executeJob(ExecuteAsyncRunnable.java:146)
	at org.flowable.job.service.impl.asyncexecutor.ExecuteAsyncRunnable.runInternally(ExecuteAsyncRunnable.java:122)
	at org.flowable.job.service.impl.asyncexecutor.ExecuteAsyncRunnable.run(ExecuteAsyncRunnable.java:96)
	at java.base/java.util.concurrent.ThreadPoolExecutor.runWorker(ThreadPoolExecutor.java:1136)
	at java.base/java.util.concurrent.ThreadPoolExecutor$Worker.run(ThreadPoolExecutor.java:635)
	at java.base/java.lang.Thread.run(Thread.java:840)
#2026 03 31 15:49:41.535#Z#DEBUG#1ed22708-2d18-11f1-af94-eeee0a833986.OPERATION#flowable-async-job-executor-thread-17485#
Step "Execute Task" finished#
#2026 03 31 15:49:43.110#Z#DEBUG#1ed22708-2d18-11f1-af94-eeee0a833986.OPERATION#flowable-async-job-executor-thread-12451#
[ExecuteTaskStep] Executing task "executeTaskTask" of process "51fac5b7-2d18-11f1-b2b3-eeee0a9e5b0b"...#
#2026 03 31 15:49:43.111#Z#DEBUG#1ed22708-2d18-11f1-af94-eeee0a833986.OPERATION#flowable-async-job-executor-thread-12451#
[ExecuteTaskStep] Application task execution timeout is default one: 43,200 seconds#
#2026 03 31 15:49:43.114#Z#INFO#1ed22708-2d18-11f1-af94-eeee0a833986.OPERATION#flowable-async-job-executor-thread-12451#
[ExecuteTaskStep] Executing task "deploy" on application "bookshop-db-deployer"...#
#2026 03 31 15:49:43.118#Z#DEBUG#1ed22708-2d18-11f1-af94-eeee0a833986.OPERATION#flowable-async-job-executor-thread-12451#
[ExecuteTaskStep] Running task on application "bookshop-db-deployer": {
  "name" : "deploy",
  "command" : "npm start",
  "limits" : {
    "memory" : 256
  }
}#
#2026 03 31 15:49:43.396#Z#DEBUG#1ed22708-2d18-11f1-af94-eeee0a833986.OPERATION#flowable-async-job-executor-thread-12451#
Step "Execute Task" finished#
#2026 03 31 15:49:51.349#Z#DEBUG#1ed22708-2d18-11f1-af94-eeee0a833986.OPERATION#flowable-async-job-executor-thread-17492#
[ExecuteTaskStep] Executing task "executeTaskTask" of process "51fac5b7-2d18-11f1-b2b3-eeee0a9e5b0b"...#
#2026 03 31 15:49:51.350#Z#DEBUG#1ed22708-2d18-11f1-af94-eeee0a833986.OPERATION#flowable-async-job-executor-thread-17492#
[ExecuteTaskStep] Application task execution timeout is default one: 43,200 seconds#
#2026 03 31 15:49:51.425#Z#DEBUG#1ed22708-2d18-11f1-af94-eeee0a833986.OPERATION#flowable-async-job-executor-thread-17492#
[ExecuteTaskStep] Getting task "f67b6437-fba9-44ed-b660-a9f2cb0f877e"...#
#2026 03 31 15:49:51.473#Z#DEBUG#1ed22708-2d18-11f1-af94-eeee0a833986.OPERATION#flowable-async-job-executor-thread-17492#
[ExecuteTaskStep] Task execution status: running#
#2026 03 31 15:49:51.475#Z#DEBUG#1ed22708-2d18-11f1-af94-eeee0a833986.OPERATION#flowable-async-job-executor-thread-17492#
[ExecuteTaskStep] Getting application guid "bookshop-db-deployer"...#
#2026 03 31 15:49:51.614#Z#DEBUG#1ed22708-2d18-11f1-af94-eeee0a833986.OPERATION#flowable-async-job-executor-thread-17492#
Step "Execute Task" finished#
#2026 03 31 15:50:01.410#Z#DEBUG#1ed22708-2d18-11f1-af94-eeee0a833986.OPERATION#flowable-async-job-executor-thread-17504#
[ExecuteTaskStep] Executing task "executeTaskTask" of process "51fac5b7-2d18-11f1-b2b3-eeee0a9e5b0b"...#
#2026 03 31 15:50:01.411#Z#DEBUG#1ed22708-2d18-11f1-af94-eeee0a833986.OPERATION#flowable-async-job-executor-thread-17504#
[ExecuteTaskStep] Application task execution timeout is default one: 43,200 seconds#
#2026 03 31 15:50:01.413#Z#DEBUG#1ed22708-2d18-11f1-af94-eeee0a833986.OPERATION#flowable-async-job-executor-thread-17504#
[ExecuteTaskStep] Getting task "f67b6437-fba9-44ed-b660-a9f2cb0f877e"...#
#2026 03 31 15:50:01.448#Z#DEBUG#1ed22708-2d18-11f1-af94-eeee0a833986.OPERATION#flowable-async-job-executor-thread-17504#
[ExecuteTaskStep] Task execution status: failed#
#2026 03 31 15:50:01.449#Z#DEBUG#1ed22708-2d18-11f1-af94-eeee0a833986.OPERATION#flowable-async-job-executor-thread-17504#
[ExecuteTaskStep] Getting application guid "bookshop-db-deployer"...#
#2026 03 31 15:50:01.614#Z#ERROR#1ed22708-2d18-11f1-af94-eeee0a833986.OPERATION#flowable-async-job-executor-thread-17504#
[ExecuteTaskStep] Execution of task "deploy" on application "bookshop-db-deployer" failed.
Download the application logs via the dmol command and check them for more information.#
#2026 03 31 15:50:01.620#Z#ERROR#1ed22708-2d18-11f1-af94-eeee0a833986.OPERATION#flowable-async-job-executor-thread-17504#
Exception caught#
org.cloudfoundry.multiapps.common.SLException: A step of the process has failed. Retrying it may solve the issue.
	at org.cloudfoundry.multiapps.controller.process.steps.SyncFlowableStep.executeInternal(SyncFlowableStep.java:83)
	at org.cloudfoundry.multiapps.controller.process.steps.SyncFlowableStep.lambda$execute$0(SyncFlowableStep.java:71)
	at org.cloudfoundry.multiapps.controller.core.util.LoggingUtil.logWithCorrelationId(LoggingUtil.java:14)
	at org.cloudfoundry.multiapps.controller.process.steps.SyncFlowableStep.execute(SyncFlowableStep.java:71)
	at org.flowable.engine.impl.delegate.invocation.JavaDelegateInvocation.invoke(JavaDelegateInvocation.java:35)
	at org.flowable.engine.impl.delegate.invocation.DelegateInvocation.proceed(DelegateInvocation.java:32)
	at org.flowable.engine.impl.delegate.invocation.DefaultDelegateInterceptor.handleInvocation(DefaultDelegateInterceptor.java:26)
	at org.flowable.engine.impl.bpmn.behavior.ServiceTaskDelegateExpressionActivityBehavior.execute(ServiceTaskDelegateExpressionActivityBehavior.java:177)
	at org.flowable.engine.impl.agenda.ContinueProcessOperation.executeActivityBehavior(ContinueProcessOperation.java:298)
	at org.flowable.engine.impl.agenda.ContinueProcessOperation.executeSynchronous(ContinueProcessOperation.java:175)
	at org.flowable.engine.impl.agenda.ContinueProcessOperation.continueThroughFlowNode(ContinueProcessOperation.java:125)
	at org.flowable.engine.impl.agenda.ContinueProcessOperation.run(ContinueProcessOperation.java:88)
	at org.flowable.common.engine.impl.AbstractEngineConfiguration.lambda$new$0(AbstractEngineConfiguration.java:198)
	at org.flowable.engine.impl.interceptor.CommandInvoker.executeOperation(CommandInvoker.java:189)
	at org.flowable.engine.impl.interceptor.CommandInvoker.executeOperations(CommandInvoker.java:128)
	at org.flowable.engine.impl.interceptor.CommandInvoker.execute(CommandInvoker.java:80)
	at org.flowable.engine.impl.interceptor.BpmnOverrideContextInterceptor.execute(BpmnOverrideContextInterceptor.java:26)
	at org.flowable.common.engine.impl.interceptor.TransactionContextInterceptor.execute(TransactionContextInterceptor.java:53)
	at org.flowable.common.engine.impl.interceptor.CommandContextInterceptor.execute(CommandContextInterceptor.java:105)
	at org.flowable.common.spring.SpringTransactionInterceptor.lambda$execute$0(SpringTransactionInterceptor.java:57)
	at org.springframework.transaction.support.TransactionTemplate.execute(TransactionTemplate.java:140)
	at org.flowable.common.spring.SpringTransactionInterceptor.execute(SpringTransactionInterceptor.java:57)
	at org.flowable.common.engine.impl.interceptor.LogInterceptor.execute(LogInterceptor.java:30)
	at org.flowable.common.engine.impl.cfg.CommandExecutorImpl.execute(CommandExecutorImpl.java:56)
	at org.flowable.common.engine.impl.cfg.CommandExecutorImpl.execute(CommandExecutorImpl.java:51)
	at org.flowable.job.service.impl.asyncexecutor.ExecuteAsyncRunnable.handleTransactionalJob(ExecuteAsyncRunnable.java:177)
	at org.flowable.job.service.impl.asyncexecutor.ExecuteAsyncRunnable.executeJob(ExecuteAsyncRunnable.java:146)
	at org.flowable.job.service.impl.asyncexecutor.ExecuteAsyncRunnable.runInternally(ExecuteAsyncRunnable.java:122)
	at org.flowable.job.service.impl.asyncexecutor.ExecuteAsyncRunnable.run(ExecuteAsyncRunnable.java:96)
	at java.base/java.util.concurrent.ThreadPoolExecutor.runWorker(ThreadPoolExecutor.java:1136)
	at java.base/java.util.concurrent.ThreadPoolExecutor$Worker.run(ThreadPoolExecutor.java:635)
	at java.base/java.lang.Thread.run(Thread.java:840)
#2026 03 31 15:50:01.625#Z#DEBUG#1ed22708-2d18-11f1-af94-eeee0a833986.OPERATION#flowable-async-job-executor-thread-17504#
Step "Execute Task" finished#
